user_id,Predicted
1,"[1082185, 856942, 940947, 1115576, 1082212]"
2,"[1082185, 6534178, 1029743, 995242, 1106523]"
3,"[1082185, 6534178, 1029743, 995242, 1106523]"
6,"[5570882, 850102, 878996, 12301109, 1024306]"
7,"[991223, 1082185, 993638, 1122358, 1106523]"
8,"[1082185, 12302069, 12301839, 1029743, 1074754]"
9,"[1082185, 1051323, 937292, 857503, 1029743]"
10,"[1082185, 6534178, 1029743, 995242, 1106523]"
13,"[1082185, 863885, 1038985, 1137346, 1075214]"
14,"[1127758, 1082185, 979707, 1126899, 1106523]"
15,"[871611, 1098248, 1104343, 825994, 852856]"
16,"[1082185, 1029743, 1106523, 979707, 5568729]"
18,"[995965, 944486, 835278, 912704, 874972]"
19,"[1025611, 1044078, 1130458, 1029743, 844179]"
20,"[995628, 1123106, 944836, 1126899, 8090536]"
21,"[1082185, 6534178, 1029743, 995242, 1106523]"
22,"[1104349, 1082185, 827656, 944836, 866211]"
23,"[1102067, 1115576, 1034176, 1082185, 1075368]"
24,"[1094308, 1038663, 1028995, 1008814, 986912]"
25,"[929018, 1075786, 1029743, 866211, 1002850]"
26,"[1050851, 896862, 1022254, 979707, 1106523]"
27,"[1082185, 1102416, 944486, 910473, 1076056]"
28,"[951412, 940947, 854900, 916122, 1082185]"
29,"[872137, 899624, 1082185, 1029743, 1044078]"
30,"[6534480, 1022254, 1082185, 1021116, 979707]"
31,"[1082185, 1105917, 859427, 1070820, 1055504]"
32,"[1003649, 8293447, 901062, 1082185, 5995603]"
33,"[5590613, 871756, 870547, 1044078, 1126899]"
34,"[1044078, 1106523, 1082185, 1029743, 1004906]"
35,"[1029743, 1126899, 1106523, 1044078, 1082185]"
36,"[969568, 865705, 1024306, 970747, 857503]"
37,"[1097001, 1056212, 916990, 1067695, 5569792]"
39,"[1127716, 1082185, 1130581, 6395907, 925862]"
40,"[1083043, 1112205, 1055504, 8273833, 951412]"
41,"[1082185, 865705, 861279, 913210, 1126899]"
42,"[1031087, 1082185, 6602697, 946839, 1060673]"
43,"[912704, 1029743, 852856, 1082185, 1126899]"
46,"[1082185, 866355, 862335, 899624, 1093571]"
47,"[1106523, 1029743, 1044078, 863447, 986912]"
49,"[911311, 1110218, 826666, 871061, 1027168]"
50,"[1082185, 6534178, 1029743, 995242, 1106523]"
51,"[1082185, 6534178, 1029743, 995242, 1106523]"
52,"[979707, 885290, 848319, 865705, 1105301]"
53,"[1087102, 5569471, 854405, 6034857, 1082185]"
55,"[1098844, 1082185, 1106523, 1029743, 899624]"
56,"[1082185, 12301405, 849202, 963835, 1007512]"
57,"[7139529, 986912, 1029743, 1082141, 976214]"
58,"[1082185, 915493, 1127831, 1070820, 865156]"
59,"[1029743, 1106523, 979707, 1132771, 1044078]"
62,"[1082185, 6534178, 1029743, 995242, 1106523]"
63,"[1106523, 844179, 1029743, 1044078, 839243]"
64,"[1082185, 1131344, 1025611, 1093413, 846823]"
65,"[912704, 902172, 8090521, 1128016, 1070820]"
67,"[1082185, 1065538, 951197, 6534035, 8014645]"
68,"[1106523, 957951, 871756, 1029743, 1082185]"
69,"[1082185, 1121384, 910673, 948832, 871061]"
70,"[1106523, 1126899, 1029743, 1040807, 5569230]"
71,"[1056509, 9836106, 1082185, 5569230, 880150]"
72,"[1082185, 865705, 8090521, 1022254, 1070820]"
75,"[1106523, 1082185, 1029743, 979707, 1004906]"
77,"[1082185, 944486, 1055425, 1126899, 857503]"
78,"[1082185, 835098, 1029743, 899624, 1106523]"
79,"[1082185, 1105488, 1029743, 1106523, 936914]"
80,"[835098, 948650, 1055504, 971922, 866211]"
81,"[1082185, 1029743, 1093413, 1106523, 12946027]"
82,"[1084036, 849202, 847573, 880150, 819308]"
83,"[1082185, 1029743, 1004906, 1044078, 1126899]"
84,"[879504, 5569374, 944139, 1082185, 1004906]"
85,"[1029743, 1041796, 1044078, 1126899, 1106523]"
86,"[1082185, 8090519, 865026, 854852, 948670]"
87,"[979707, 1106523, 1004906, 976199, 1126899]"
88,"[929018, 1044078, 1082185, 968072, 878996]"
90,"[1082185, 6534178, 1029743, 995242, 1106523]"
91,"[1082185, 1067695, 6602697, 839656, 908318]"
92,"[871061, 1082185, 1041796, 1029743, 1106523]"
94,"[1082185, 976199, 979707, 1029743, 1022254]"
95,"[8090532, 8090519, 1082185, 1027168, 1029743]"
97,"[1082185, 12262830, 968072, 1029743, 880888]"
98,"[1082185, 865174, 969568, 998444, 866211]"
99,"[1082185, 1029743, 5590695, 916122, 5568378]"
100,"[1082185, 6534178, 1029743, 995242, 1106523]"
101,"[12731432, 878285, 1106523, 1121360, 1090931]"
103,"[1106523, 1082185, 1029743, 1041796, 854852]"
104,"[7167687, 1123022, 1082185, 1130458, 882604]"
105,"[1004906, 948650, 1067695, 825365, 999858]"
106,"[8090532, 963971, 999104, 5569230, 1082185]"
107,"[1082185, 6534178, 1029743, 995242, 1106523]"
109,"[944836, 8290421, 1046756, 12731436, 1082185]"
110,"[866871, 5590613, 5585510, 944137, 6602697]"
111,"[1106523, 1029743, 1082185, 1103105, 1044078]"
112,"[5569845, 1029743, 1082185, 1106523, 1044078]"
113,"[1082185, 947201, 1029743, 1098844, 1113274]"
114,"[10344585, 5568489, 948670, 1029743, 1082185]"
115,"[1090931, 12648296, 1133312, 890909, 963971]"
116,"[1019637, 1106523, 1104343, 976199, 872137]"
117,"[940947, 1082185, 1077373, 880150, 948670]"
118,"[1048257, 1082185, 859191, 1083043, 5585510]"
119,"[1051468, 1002771, 844697, 823704, 825994]"
121,"[986912, 1106523, 1070820, 916122, 1082185]"
122,"[940947, 1105917, 1086119, 912704, 1116635]"
123,"[1119761, 12302069, 12301405, 916122, 1056509]"
124,"[870547, 1037840, 1082185, 1029743, 1106523]"
125,"[934399, 5591083, 850102, 1029743, 999858]"
126,"[1082185, 6534178, 1029743, 995242, 1106523]"
127,"[1082185, 1029743, 1044078, 839243, 1106523]"
128,"[1082185, 857006, 1008547, 10149640, 1029743]"
131,"[1075214, 990797, 1082185, 1106523, 1029743]"
132,"[946839, 993638, 1082185, 999198, 854405]"
133,"[6513604, 1082185, 866211, 1029743, 899624]"
134,"[1082185, 6534178, 1029743, 995242, 1106523]"
135,"[1082185, 919534, 1029743, 1106523, 1070820]"
136,"[8090521, 1106523, 8090537, 1082185, 1029743]"
138,"[957951, 854852, 8090536, 1101706, 8090521]"
139,"[1050741, 1137346, 1021324, 866211, 1082185]"
140,"[1082185, 6534178, 1029743, 995242, 1106523]"
141,"[1082185, 6534178, 1029743, 995242, 1106523]"
142,"[1082212, 5569327, 990797, 1082185, 1126899]"
143,"[871756, 1044078, 1106523, 986912, 1082185]"
146,"[1082185, 6534178, 1029743, 995242, 1106523]"
151,"[916122, 1082185, 1126899, 5568378, 1029743]"
153,"[897954, 1082185, 1106523, 916122, 1029743]"
156,"[1074754, 1082185, 1106523, 1029743, 979707]"
157,"[949294, 838186, 913210, 1098844, 1082185]"
158,"[12731714, 1092303, 1128240, 841220, 1104343]"
159,"[846823, 1131344, 1082185, 934639, 1004906]"
160,"[933835, 1087102, 1070820, 1101010, 865456]"
161,"[5568732, 917384, 5591083, 7139529, 957063]"
162,"[1082185, 1022428, 964521, 1076056, 1070820]"
164,"[963971, 894439, 1029743, 1106523, 839243]"
166,"[944486, 825994, 880888, 989069, 1075368]"
167,"[833724, 1082185, 1041796, 1029743, 1106523]"
168,"[1082185, 6534178, 1029743, 995242, 1106523]"
169,"[1082185, 6534178, 1029743, 995242, 1106523]"
171,"[979707, 913210, 1029743, 10149640, 1041796]"
172,"[1075368, 5569230, 871756, 1004906, 1126899]"
174,"[1082185, 6534178, 1029743, 995242, 1106523]"
178,"[1087102, 1137346, 1097001, 870547, 841220]"
183,"[8090440, 1126899, 1102067, 1106523, 1082185]"
184,"[1044188, 860167, 1028953, 9836106, 9835509]"
185,"[838186, 1082185, 1029743, 979707, 1126899]"
187,"[1082185, 6534178, 1029743, 995242, 1106523]"
188,"[1041796, 1126899, 1082185, 834117, 872137]"
190,"[1082185, 6534178, 1029743, 995242, 1106523]"
191,"[910032, 944486, 854852, 1029743, 1126899]"
192,"[1082212, 1027168, 1056509, 1002850, 9835509]"
193,"[960613, 8090537, 990797, 1029743, 1082185]"
194,"[6391381, 951412, 854852, 1082185, 979707]"
195,"[1082185, 880427, 1062128, 1029743, 1062002]"
196,"[1068292, 827919, 1055155, 1082185, 829323]"
197,"[963835, 9881593, 1082185, 845622, 1075214]"
198,"[1016276, 12262978, 1136524, 844697, 5570383]"
199,"[1082212, 1132771, 1126899, 986912, 1029743]"
200,"[1082212, 963971, 1102067, 1122358, 823990]"
201,"[1082185, 6534178, 1029743, 995242, 1106523]"
202,"[1082185, 6534178, 1029743, 995242, 1106523]"
203,"[1029743, 1082185, 1106523, 979707, 1004906]"
204,"[1070820, 923670, 1082185, 1126899, 872137]"
205,"[1082185, 1072523, 1123842, 934639, 1106523]"
208,"[1082185, 885290, 879504, 846823, 919423]"
209,"[5590613, 5587656, 1008032, 1106523, 1082185]"
210,"[1082185, 871611, 1051323, 910473, 999779]"
211,"[1082185, 1136524, 945662, 1006878, 998444]"
212,"[8090560, 833724, 1082185, 1056509, 8090521]"
213,"[1082185, 6534178, 1029743, 995242, 1106523]"
214,"[6391381, 1055425, 1082185, 999104, 916758]"
215,"[1082185, 1000237, 938300, 916993, 1135258]"
216,"[6391381, 6533936, 1067606, 1008547, 986912]"
217,"[1126045, 895930, 1018740, 1082185, 937292]"
218,"[878715, 1097001, 965772, 1037337, 895295]"
219,"[1127831, 882604, 879504, 1002771, 1018740]"
220,"[839419, 925862, 866211, 1029743, 1041796]"
221,"[1130452, 1082185, 1041796, 1029743, 1106523]"
222,"[1082185, 1094308, 985999, 866211, 993638]"
224,"[934639, 913210, 841220, 1104343, 1029743]"
225,"[907631, 1029743, 1082185, 999198, 1044078]"
226,"[1106523, 1029743, 1082185, 1044078, 844179]"
227,"[1029743, 844179, 965766, 996009, 1106523]"
228,"[1055504, 986912, 6034857, 1126899, 1082185]"
230,"[8090509, 8090532, 837751, 1128240, 1044078]"
232,"[862799, 926905, 1016800, 1106523, 913210]"
233,"[859427, 1128016, 1029743, 1082185, 1106523]"
235,"[1127831, 901062, 1009719, 989069, 8293343]"
236,"[1075214, 1014948, 1082185, 1029743, 979707]"
239,"[1087102, 937292, 940947, 871756, 1082185]"
240,"[1082185, 6534178, 1029743, 995242, 1106523]"
241,"[1082185, 6534178, 1029743, 995242, 1106523]"
242,"[1082185, 1018007, 12810393, 1138487, 1138443]"
243,"[1117514, 1135044, 5570882, 6633342, 995478]"
244,"[1082185, 1029743, 1106523, 979707, 1041796]"
245,"[1029743, 1082185, 1106523, 861279, 1044078]"
246,"[1029743, 1106523, 1082185, 5568729, 844179]"
247,"[1082185, 1044188, 1082212, 1100972, 1000753]"
248,"[1029743, 1082185, 965766, 1126899, 5569327]"
249,"[1044078, 1106523, 1122568, 5568378, 1029743]"
250,"[963971, 859191, 12301073, 1056509, 7441210]"
251,"[874972, 1040807, 1012587, 8090537, 916122]"
252,"[1082185, 6534178, 1029743, 995242, 1106523]"
253,"[5568378, 1082185, 965693, 969866, 1029743]"
254,"[1106523, 1029743, 1082185, 1126899, 1041796]"
256,"[1082185, 6602440, 976214, 989824, 6514160]"
257,"[12262778, 1093413, 1082185, 957063, 1038663]"
258,"[1082185, 1029743, 976199, 925862, 1055504]"
259,"[1062128, 1082185, 5568729, 1029743, 1106523]"
260,"[859427, 912704, 913210, 1044078, 1126899]"
262,"[1008814, 828106, 946839, 1040807, 1004906]"
263,"[1082185, 1029743, 12301405, 1044078, 9836106]"
264,"[1082185, 6534178, 1029743, 995242, 1106523]"
265,"[1082185, 6534178, 1029743, 995242, 1106523]"
266,"[1082185, 6534178, 1029743, 995242, 1106523]"
267,"[1029743, 1082185, 1106523, 979707, 1004906]"
268,"[1082185, 6534178, 1029743, 995242, 1106523]"
269,"[1082185, 1106523, 891961, 1131438, 863447]"
270,"[1082185, 6534178, 1029743, 995242, 1106523]"
271,"[1106523, 1029743, 1082185, 1044078, 1126899]"
273,"[1044188, 1106523, 1082627, 6534480, 930283]"
274,"[1082185, 6534178, 1029743, 995242, 1106523]"
275,"[1081262, 850139, 1067606, 825703, 1037863]"
276,"[1042942, 5588161, 1025611, 991223, 12810391]"
278,"[1029743, 986912, 1106523, 1126899, 1082185]"
280,"[1029743, 919534, 8065410, 1106523, 916122]"
281,"[1070820, 999104, 1082185, 854852, 899624]"
282,"[1082185, 1123022, 930344, 957736, 880150]"
283,"[5568249, 1108094, 1082185, 859427, 12810393]"
284,"[1082185, 6534178, 1029743, 995242, 1106523]"
285,"[824180, 1025611, 1071342, 823704, 6464147]"
286,"[1135834, 1082185, 1029743, 1105488, 1126899]"
287,"[1029743, 1106523, 5590695, 1128240, 1082185]"
288,"[1082185, 829323, 5577022, 1005456, 1070820]"
289,"[945662, 858439, 1048257, 1082185, 854754]"
290,"[1038663, 1012587, 1013928, 947798, 1029743]"
291,"[845265, 911311, 989069, 1106523, 901062]"
292,"[865705, 1106523, 933835, 1082185, 1029743]"
294,"[1082185, 824180, 905087, 861279, 1029743]"
297,"[1067695, 1097001, 1043920, 845307, 957951]"
300,"[1106523, 1082185, 1029743, 989824, 5590695]"
301,"[1082185, 921504, 837644, 1024306, 874972]"
302,"[925862, 1029743, 906838, 892531, 872137]"
303,"[8090509, 8090521, 1082141, 1082185, 919534]"
304,"[957232, 1082185, 9527184, 8090532, 5572738]"
305,"[1050741, 8090532, 885290, 1000237, 897954]"
306,"[1055504, 1082185, 937292, 871061, 878442]"
307,"[1019637, 999250, 961979, 933835, 899624]"
308,"[1043787, 862010, 887102, 880150, 5569230]"
311,"[1106523, 1082185, 1029743, 6034857, 1110111]"
312,"[1082185, 6534178, 1029743, 995242, 1106523]"
314,"[1082185, 865528, 1009187, 1130858, 1106523]"
316,"[845307, 866755, 1025611, 956486, 825365]"
317,"[849870, 1029743, 883003, 1070702, 825343]"
318,"[1106523, 5569230, 1082185, 1029743, 979707]"
321,"[1082185, 1121393, 1097001, 1008547, 945909]"
322,"[845307, 1006342, 1000237, 1135552, 1062002]"
323,"[1082185, 6534178, 1029743, 995242, 1106523]"
324,"[957232, 1082185, 858439, 1010681, 1127831]"
325,"[948953, 976199, 1029743, 1082185, 916122]"
326,"[1013928, 1037840, 8090521, 5569230, 1082185]"
327,"[1082185, 6534178, 1029743, 995242, 1106523]"
328,"[937292, 6633210, 925862, 885290, 6513604]"
329,"[1082185, 944836, 998119, 1027168, 1127831]"
330,"[1082185, 6534178, 1029743, 995242, 1106523]"
331,"[1076056, 1004906, 1082185, 1029743, 1126899]"
332,"[998119, 839243, 1042907, 1026118, 1044078]"
333,"[1082185, 6534178, 1029743, 995242, 1106523]"
334,"[1000753, 9487606, 1082185, 5569230, 1029743]"
338,"[1026118, 1082185, 1029743, 1126899, 1070820]"
339,"[1106523, 12731432, 1041796, 1082185, 1029743]"
342,"[1070702, 925862, 1022254, 1000753, 1105917]"
343,"[5568378, 1082185, 1029743, 1106523, 844179]"
345,"[1082185, 1018740, 937292, 863447, 6602697]"
346,"[1082185, 1083446, 878285, 907625, 963971]"
347,"[1082185, 6534178, 1029743, 995242, 1106523]"
348,"[1008547, 1044188, 1025611, 1082185, 1127758]"
349,"[896862, 976199, 844179, 1082185, 1029743]"
350,"[999714, 1132771, 885697, 1070845, 1056509]"
351,"[883932, 1082185, 824180, 894439, 8020166]"
353,"[1082185, 866211, 1105488, 1127831, 1134810]"
354,"[860703, 6534077, 1008814, 868683, 949965]"
356,"[834117, 1041796, 1082185, 1029743, 1106523]"
357,"[1138443, 983584, 1040807, 1126899, 872137]"
358,"[957232, 949294, 862010, 1043787, 856827]"
360,"[5569327, 5568378, 1106523, 1082185, 1029743]"
361,"[1082185, 828106, 862799, 952972, 885290]"
362,"[1126045, 986912, 919766, 993638, 976199]"
364,"[1082185, 6534178, 1029743, 995242, 1106523]"
365,"[1136719, 953561, 998444, 1062128, 1132771]"
366,"[1082185, 6534178, 1029743, 995242, 1106523]"
367,"[1082185, 823704, 1136375, 945662, 1098248]"
369,"[1082185, 6534178, 1029743, 995242, 1106523]"
371,"[1082185, 1054402, 885023, 890695, 6533936]"
373,"[1082185, 6534178, 1029743, 995242, 1106523]"
374,"[878715, 1082185, 1108094, 1029743, 5569374]"
375,"[8090532, 1022097, 8090537, 1041796, 1029743]"
376,"[917816, 8065410, 930666, 1038663, 844179]"
377,"[1082185, 1121393, 994223, 1004390, 1056509]"
378,"[1082185, 916990, 944534, 899624, 12301100]"
380,"[1012587, 1041796, 844179, 5569230, 1098284]"
381,"[12301073, 892531, 1075368, 834117, 1026118]"
382,"[999250, 961979, 5569230, 1082185, 979707]"
383,"[1082185, 6534178, 1029743, 995242, 1106523]"
384,"[5568489, 1065538, 871061, 1042942, 829852]"
385,"[1082185, 1108094, 878715, 965842, 1027168]"
386,"[1082185, 1119761, 901062, 909714, 1040807]"
387,"[6602729, 897954, 1009719, 916122, 1126899]"
388,"[995965, 1006184, 1029743, 1082185, 1106523]"
389,"[12301073, 1082185, 991223, 10344585, 823990]"
390,"[888543, 894439, 993638, 832678, 5569230]"
392,"[1082185, 1092588, 878285, 1043787, 9296919]"
393,"[1013928, 831628, 896613, 1042544, 1029743]"
394,"[1082185, 1138443, 835098, 901062, 866211]"
395,"[986912, 1082185, 863447, 1029743, 993638]"
396,"[1082185, 1075368, 901062, 1026118, 871756]"
397,"[882604, 931255, 1043787, 892573, 914577]"
398,"[1022097, 957951, 947798, 1037840, 1029743]"
400,"[1082185, 957232, 1121393, 1029743, 1121384]"
401,"[1127758, 1082185, 871756, 1070272, 1104343]"
402,"[819978, 825994, 870547, 1040807, 854852]"
404,"[1092588, 979707, 1082185, 899624, 916122]"
405,"[1087102, 986912, 948670, 916122, 899624]"
406,"[957951, 1082185, 1029743, 1106523, 1042544]"
407,"[1082185, 6534178, 1029743, 995242, 1106523]"
409,"[1082185, 8090513, 1098248, 829323, 1070820]"
410,"[948650, 1029743, 1082185, 999858, 1106523]"
411,"[1082185, 1137507, 911974, 871061, 1106523]"
412,"[839243, 1082185, 1029743, 1056509, 1106523]"
413,"[970160, 1038985, 1048257, 1082185, 986912]"
414,"[12349795, 12301839, 1029743, 940947, 12301109]"
415,"[1106523, 1029743, 1082185, 1044078, 1004906]"
417,"[1082185, 903800, 6464165, 12301109, 1041796]"
418,"[1082185, 826597, 1071342, 998119, 1110218]"
420,"[1082185, 6534178, 1029743, 995242, 1106523]"
421,"[1022254, 976199, 1029743, 870547, 1082185]"
425,"[969568, 944139, 1130858, 871756, 1070820]"
426,"[1082185, 848319, 929018, 1011926, 854754]"
427,"[1082185, 5569845, 825343, 1029743, 979707]"
429,"[1082185, 6534178, 1029743, 995242, 1106523]"
430,"[1006483, 986912, 1070845, 1106523, 829852]"
432,"[871061, 989069, 947798, 961979, 1044078]"
433,"[5565202, 1106523, 1082185, 896613, 1029743]"
434,"[837751, 1130458, 1046587, 1068292, 937292]"
435,"[8090532, 8090537, 909714, 1029743, 1004906]"
437,"[1038663, 859427, 1051323, 999858, 1082185]"
438,"[1082185, 902172, 925862, 1022254, 1029743]"
441,"[1038985, 844697, 12810393, 6533681, 1082185]"
442,"[9835509, 979707, 1082185, 1106523, 1029743]"
443,"[1056509, 9396705, 899624, 1082185, 1070820]"
446,"[1082185, 6534178, 1029743, 995242, 1106523]"
447,"[1029743, 1075368, 1082185, 1106523, 979707]"
449,"[1126899, 1029743, 1106523, 1082185, 1040807]"
450,"[8015407, 998206, 863762, 1115576, 1104343]"
451,"[1082185, 1068292, 1082990, 1008547, 916122]"
454,"[1029743, 828106, 1051323, 1021324, 851287]"
457,"[1042942, 1022254, 979707, 1029743, 1082185]"
458,"[901776, 5569471, 926905, 5569230, 899624]"
459,"[885290, 901062, 979707, 1082185, 1106523]"
460,"[1082185, 1041796, 1029743, 901062, 1126899]"
461,"[897954, 918684, 1050851, 1004906, 1082185]"
462,"[6513604, 1045586, 871756, 921504, 1082185]"
463,"[823775, 1082185, 1055504, 901062, 12810393]"
464,"[1027168, 937292, 1119761, 1104343, 848029]"
466,"[944137, 1101706, 1025611, 893018, 1044078]"
467,"[850102, 1082185, 848319, 1106523, 1024306]"
468,"[1082185, 9676866, 1098284, 1082141, 907625]"
469,"[1082185, 9881593, 7166861, 1110111, 1098435]"
470,"[1082185, 1029743, 1106523, 986912, 979707]"
471,"[1082185, 6534178, 1029743, 995242, 1106523]"
474,"[1012587, 919534, 823990, 870547, 1044078]"
477,"[1082185, 6534178, 1029743, 995242, 1106523]"
478,"[1082185, 6534178, 1029743, 995242, 1106523]"
479,"[910032, 1004906, 865456, 1082185, 1029743]"
480,"[854754, 5569374, 1082185, 1127831, 857503]"
482,"[1082185, 6534178, 1029743, 995242, 1106523]"
483,"[1106523, 5590695, 1041796, 1082185, 8090560]"
484,"[1108094, 1119761, 946839, 8273833, 1050851]"
485,"[862799, 1083787, 904129, 1082185, 972665]"
487,"[1029743, 909714, 1082185, 1106523, 1126899]"
489,"[862010, 1082185, 1043787, 1019247, 5569374]"
491,"[6533936, 859191, 951412, 1055504, 1101706]"
493,"[1036347, 8090539, 936355, 951197, 982790]"
495,"[970747, 6534480, 12810391, 1103105, 852856]"
497,"[1082185, 1106523, 1041796, 1029743, 1126899]"
502,"[1126899, 986912, 1106523, 1029743, 5569230]"
503,"[1082185, 1127716, 5591814, 985999, 6463742]"
505,"[1029743, 1082185, 1106523, 1126899, 1044078]"
506,"[1029743, 1106523, 844179, 1044078, 1126899]"
507,"[1014948, 1082185, 1126899, 1037332, 1070820]"
508,"[1082185, 6534178, 1029743, 995242, 1106523]"
510,"[1082185, 1003649, 1112205, 837644, 929018]"
511,"[1116635, 1056509, 1128240, 12301100, 1044078]"
513,"[1018740, 865026, 999714, 8090532, 6534077]"
514,"[1082185, 1127831, 1105488, 866211, 916122]"
515,"[5590613, 999714, 1070702, 1106523, 899624]"
516,"[1082185, 6534178, 1029743, 995242, 1106523]"
517,"[910673, 1029743, 1082185, 1106523, 1044078]"
518,"[1031087, 865511, 1038985, 986912, 871756]"
520,"[871756, 913210, 1104343, 8090537, 834117]"
521,"[1056212, 1106523, 1029743, 1082185, 5569230]"
523,"[1082185, 974204, 837644, 884686, 1029743]"
524,"[1106523, 1082185, 1029743, 919681, 979707]"
525,"[871756, 986912, 5569230, 1029743, 1126899]"
526,"[1137346, 957063, 859191, 8090556, 12301100]"
527,"[921504, 6463742, 912704, 1131321, 933835]"
531,"[1082185, 6534178, 1029743, 995242, 1106523]"
533,"[1082185, 6534178, 1029743, 995242, 1106523]"
534,"[1124695, 1082185, 1029743, 1106523, 1126899]"
537,"[1116635, 1004436, 1029743, 1082185, 979707]"
538,"[9296919, 906838, 1082212, 1082185, 1092303]"
539,"[937292, 963971, 1027168, 1082185, 896613]"
540,"[6391381, 951412, 1008547, 1000237, 995965]"
542,"[1106523, 1027168, 1082990, 1003487, 8090537]"
543,"[12349795, 826597, 8090521, 844179, 8090537]"
544,"[1029743, 1106523, 1126899, 1082185, 1041796]"
545,"[1040807, 878996, 1029743, 1082185, 834117]"
547,"[1082185, 6534178, 1029743, 995242, 1106523]"
548,"[1098435, 8276172, 1101706, 1082185, 854852]"
550,"[1082185, 6534178, 1029743, 995242, 1106523]"
552,"[1082185, 6534178, 1029743, 995242, 1106523]"
553,"[879504, 849202, 931255, 1042907, 1087102]"
554,"[1082185, 892531, 824180, 946839, 12302069]"
556,"[1082185, 6534178, 1029743, 995242, 1106523]"
557,"[1082185, 857503, 1029743, 979707, 5569230]"
558,"[1056509, 1106523, 999858, 933067, 893018]"
560,"[957232, 1008547, 863885, 957063, 866871]"
562,"[1082185, 871061, 852856, 957951, 965842]"
563,"[1082185, 6534178, 1029743, 995242, 1106523]"
564,"[1027168, 1105488, 1082185, 1029743, 1135834]"
566,"[1082185, 6534178, 1029743, 995242, 1106523]"
567,"[861279, 844179, 986912, 870547, 968072]"
568,"[1012587, 1104649, 836445, 917816, 1127758]"
569,"[1002771, 1112238, 12428017, 1082185, 951197]"
570,"[1082185, 6534178, 1029743, 995242, 1106523]"
574,"[1082185, 1029743, 1024032, 891505, 1083446]"
575,"[953561, 12648296, 1103105, 1106523, 8090536]"
576,"[1082185, 6534178, 1029743, 995242, 1106523]"
577,"[1082185, 1110244, 1051211, 948832, 824180]"
578,"[833724, 854405, 7139529, 8090521, 1082185]"
579,"[1126899, 1106523, 1029743, 885290, 1070820]"
580,"[940947, 1056509, 1100972, 976199, 1041796]"
581,"[1105917, 909268, 983584, 1126899, 1041796]"
582,"[1021324, 854852, 1098844, 1082185, 979707]"
583,"[957232, 870547, 1056509, 12301405, 1102067]"
586,"[1082185, 859154, 1028995, 953561, 1079987]"
587,"[885290, 1126899, 1029743, 1082185, 1106523]"
588,"[995478, 899624, 825749, 1092303, 1070272]"
590,"[1075175, 1081177, 1041796, 863447, 916122]"
591,"[957232, 933067, 1106523, 854852, 1050851]"
593,"[1082185, 1106523, 1029743, 916122, 892314]"
594,"[957232, 1082185, 1106523, 925862, 1029743]"
595,"[953561, 1082185, 856060, 1106523, 1070702]"
596,"[850102, 1106523, 866211, 1025611, 831712]"
598,"[1050741, 829852, 1106523, 1018007, 9553382]"
600,"[1021324, 1022097, 837304, 1046587, 848319]"
602,"[1027168, 944139, 1021116, 849202, 1029743]"
603,"[1106523, 1029743, 1082185, 979707, 1126899]"
604,"[1082185, 914577, 1029743, 1004906, 883932]"
605,"[859427, 866871, 965772, 1055425, 1126899]"
606,"[1026118, 1029743, 1082185, 1044078, 1106523]"
608,"[1121393, 1138487, 871756, 1074333, 910673]"
609,"[1038985, 1106523, 8090537, 1082185, 1029743]"
610,"[1082185, 6534178, 1029743, 995242, 1106523]"
611,"[1082185, 1106523, 1029743, 1041796, 1126899]"
612,"[871061, 1138292, 908318, 848029, 839656]"
613,"[1082185, 6534178, 1029743, 995242, 1106523]"
614,"[1067695, 906838, 902172, 1029743, 1004906]"
615,"[948670, 971922, 976199, 1098844, 883003]"
617,"[951412, 1126899, 979707, 1082185, 1029743]"
618,"[891505, 1082185, 951561, 1106523, 1037840]"
621,"[943362, 1070845, 940947, 1137775, 844179]"
622,"[1034176, 1038663, 1106523, 986912, 1029743]"
623,"[1070702, 916122, 1082185, 1029743, 979707]"
624,"[1044078, 861279, 828106, 844179, 1119761]"
630,"[1082185, 1121384, 1138443, 1106271, 6464147]"
631,"[1082185, 1102845, 6464147, 852856, 1022254]"
632,"[870547, 1082212, 1029743, 1051211, 12810393]"
633,"[850102, 862799, 1055504, 1102416, 861279]"
636,"[5981074, 5592610, 5590613, 5585510, 1051323]"
637,"[1082185, 1043494, 1103105, 1035676, 989069]"
638,"[951197, 1082185, 899624, 1029743, 903800]"
640,"[1082185, 6534178, 1029743, 995242, 1106523]"
641,"[860703, 866871, 1070820, 917816, 904129]"
643,"[963971, 1056509, 6534035, 10149640, 1029743]"
644,"[1027168, 1081262, 1082185, 834117, 12301109]"
647,"[1075214, 1074333, 829852, 1103105, 865705]"
648,"[839419, 854852, 899624, 1026118, 5578547]"
650,"[1106523, 1082185, 1029743, 6533608, 1126899]"
652,"[1051211, 1121059, 832678, 1082185, 979707]"
653,"[904129, 1082185, 963971, 917033, 1056509]"
654,"[1082185, 1027168, 1034176, 901776, 944137]"
655,"[865528, 985999, 5569327, 5568378, 1044078]"
658,"[1029743, 1082185, 1056212, 1106523, 895930]"
659,"[5569845, 844179, 979707, 1082185, 1029743]"
660,"[1043787, 982790, 886395, 885023, 1122358]"
661,"[937292, 12262978, 1075214, 12262778, 986912]"
662,"[1070272, 1082185, 1029743, 5569230, 8090440]"
663,"[1082185, 1106523, 1029743, 1026118, 1126899]"
665,"[1029743, 1106523, 1082185, 979707, 5569230]"
666,"[957232, 860167, 1106523, 1070845, 1074333]"
667,"[1092303, 12946027, 999250, 1082185, 12301100]"
668,"[957951, 908318, 1029743, 1082185, 834117]"
669,"[880427, 1082185, 8090532, 878996, 951412]"
670,"[867547, 1082185, 5565202, 1077373, 1022097]"
671,"[1018007, 1056509, 1074754, 968072, 1029743]"
672,"[871756, 1029743, 1082185, 983584, 5568378]"
673,"[836445, 907631, 1082185, 1029743, 1106523]"
674,"[936914, 956486, 1082185, 1027835, 8273833]"
675,"[869047, 910673, 9836106, 919423, 870547]"
676,"[850102, 1050741, 947798, 957951, 871611]"
680,"[8090513, 8090521, 12301109, 1051211, 854852]"
681,"[856252, 1134483, 890695, 882604, 850102]"
684,"[999779, 1082185, 1106523, 1029743, 937292]"
685,"[1015539, 871061, 1097398, 1044078, 1119761]"
687,"[1082185, 1029743, 951197, 845622, 919534]"
690,"[1137284, 1037840, 1105917, 976199, 1022254]"
691,"[1082185, 6534178, 1029743, 995242, 1106523]"
692,"[1004436, 1082185, 909129, 1135834, 871611]"
693,"[1044188, 1104349, 960732, 1037337, 979707]"
694,"[883932, 819978, 1037840, 8090537, 1101010]"
695,"[1115175, 1098248, 839656, 899624, 882247]"
696,"[1082185, 885023, 1029743, 863885, 868548]"
697,"[1126899, 912704, 1070820, 910473, 976199]"
698,"[947798, 1106523, 965766, 5568378, 1044078]"
699,"[1082185, 936355, 1050741, 1043751, 845307]"
700,"[1000753, 1029743, 1082185, 1106523, 1126899]"
701,"[959316, 1082185, 5569374, 1112205, 824180]"
702,"[9527159, 1082185, 1094308, 1022097, 899624]"
703,"[9881593, 8090546, 1028995, 5582712, 831063]"
705,"[1029743, 899624, 1082185, 1106523, 979707]"
706,"[1062128, 970747, 871611, 1051323, 835098]"
707,"[929018, 6533608, 938300, 5585701, 1013167]"
708,"[1022097, 919534, 1029743, 1026118, 1082185]"
709,"[1123022, 1055504, 12810393, 1075368, 857503]"
710,"[1106523, 1089954, 1082185, 1041796, 5568729]"
711,"[1126899, 1106523, 1029743, 910473, 1082185]"
712,"[1082185, 5569374, 915493, 963835, 1098844]"
713,"[1075368, 5569230, 1082185, 1029743, 1037840]"
714,"[937292, 1021519, 1130858, 1124695, 944139]"
715,"[1082185, 1029743, 1106523, 1098844, 1004906]"
716,"[6034857, 1082185, 1106523, 1029743, 976199]"
717,"[1029743, 1082185, 1126899, 1106523, 979707]"
718,"[910032, 917384, 6463775, 970747, 12731432]"
719,"[895930, 1082185, 1009187, 1040807, 933835]"
720,"[1056212, 1055504, 854852, 863447, 1082185]"
721,"[906838, 1126899, 1029743, 1082185, 1004906]"
722,"[866871, 1082185, 902172, 1106523, 999858]"
723,"[957736, 909268, 999104, 12302069, 1082185]"
725,"[1106523, 957063, 871756, 972665, 893018]"
726,"[986912, 1126899, 1082185, 1106523, 1029743]"
727,"[1099089, 857006, 1123022, 897954, 999779]"
728,"[1029743, 844179, 977798, 1075368, 1041796]"
729,"[1126899, 1029743, 986912, 1004906, 1082185]"
730,"[1126899, 1082185, 1106523, 1029743, 1004906]"
731,"[912704, 852856, 1126899, 976199, 910473]"
733,"[1082185, 5566472, 870547, 5569471, 1106523]"
734,"[1082185, 970160, 1055504, 6391381, 1106523]"
735,"[1106523, 1082185, 1072523, 1026118, 1029743]"
736,"[1106271, 963971, 836445, 1046756, 1082185]"
740,"[1051516, 1082185, 948953, 1018740, 866211]"
741,"[970747, 874972, 1112238, 1128016, 823721]"
742,"[947798, 965766, 1082185, 1029743, 5568378]"
743,"[968072, 866211, 844179, 1082185, 1106523]"
744,"[1000237, 6534035, 1135258, 1082185, 6534480]"
745,"[854754, 1123022, 1070272, 960732, 10149640]"
747,"[8090532, 8090509, 1051323, 8090537, 1004906]"
748,"[1082185, 6534178, 1029743, 995242, 1106523]"
749,"[1082185, 6534178, 1029743, 995242, 1106523]"
750,"[907631, 947798, 1082185, 919534, 852856]"
752,"[1082185, 1029743, 883932, 1106523, 12810391]"
753,"[1082185, 1009187, 1029743, 901776, 902172]"
754,"[1082185, 1005274, 1036347, 1126899, 901062]"
755,"[1137284, 857503, 1137775, 10149640, 1100972]"
757,"[1082185, 947201, 10149640, 848029, 1029743]"
759,"[854852, 1029743, 1041796, 1082185, 979707]"
761,"[1082185, 1103691, 1029743, 1029688, 1092303]"
762,"[1022254, 916122, 951412, 1006184, 1022097]"
764,"[1082185, 878996, 1029743, 829852, 1075368]"
766,"[1082185, 1070272, 916990, 848319, 960732]"
767,"[1106523, 1029743, 1126899, 1082185, 910473]"
768,"[1082185, 957232, 1018740, 937292, 1123106]"
769,"[8293447, 6602440, 1082185, 852856, 1070272]"
770,"[1029743, 1082185, 1126899, 1106523, 976199]"
771,"[1022254, 899624, 827919, 979707, 933835]"
773,"[1082185, 938300, 1022097, 1029743, 1070820]"
776,"[871756, 972931, 1082185, 12810393, 852856]"
777,"[1028891, 5591170, 1104343, 1022254, 1029743]"
779,"[1106523, 1082185, 1029743, 915493, 899624]"
781,"[866755, 1046816, 953561, 865156, 910673]"
784,"[5569230, 1123022, 979707, 1082185, 1029743]"
786,"[1065538, 878715, 972665, 1085983, 12262778]"
787,"[999104, 1082185, 1029743, 1106523, 899624]"
788,"[1024051, 1135258, 1108168, 1081177, 899624]"
789,"[1029743, 909714, 986912, 1126899, 965766]"
790,"[995965, 1082185, 1029743, 1106523, 1070820]"
793,"[859191, 1021116, 1082185, 944139, 946839]"
794,"[871756, 1051211, 1053730, 857503, 8065410]"
795,"[1082185, 6534178, 1029743, 995242, 1106523]"
796,"[969866, 1026118, 1082185, 1029743, 1106523]"
798,"[6534030, 982790, 6463742, 5568249, 834117]"
799,"[1038985, 1082185, 1050851, 1122358, 901062]"
800,"[1137507, 911974, 9677236, 1082185, 860703]"
801,"[9884698, 1138443, 1082185, 1040807, 976199]"
802,"[1082185, 919534, 839656, 983584, 1041796]"
803,"[1104649, 946839, 1082185, 5569230, 1029743]"
804,"[957063, 1013928, 1037840, 1082185, 1029743]"
805,"[1029743, 1068292, 1044188, 916122, 870547]"
806,"[5568249, 8090532, 5592610, 839419, 5569471]"
807,"[1082185, 6534035, 5587656, 1029743, 8090546]"
808,"[998119, 1082185, 1029743, 899624, 965766]"
810,"[1082185, 6534178, 1029743, 995242, 1106523]"
811,"[899624, 5568378, 1029743, 1082185, 1106523]"
813,"[883932, 951412, 896862, 1050851, 1022254]"
814,"[1012587, 985999, 907631, 1082185, 844179]"
816,"[1082185, 8090513, 1075368, 901062, 1029743]"
817,"[1075214, 1121384, 1092588, 1082185, 1060408]"
818,"[964521, 6602697, 885290, 1082185, 827656]"
820,"[12648296, 1006184, 1037840, 8090509, 1082185]"
822,"[1082185, 6534178, 1029743, 995242, 1106523]"
823,"[1029743, 1082185, 1106523, 965766, 1126899]"
824,"[1074333, 871756, 1082185, 1016800, 1106523]"
825,"[1082185, 915493, 12262978, 825994, 913210]"
826,"[1037840, 1082185, 1106523, 1044078, 1029743]"
829,"[1018740, 1082185, 1137775, 872137, 1029743]"
830,"[1082185, 6534178, 1029743, 995242, 1106523]"
831,"[957232, 999714, 1083787, 1069003, 12349795]"
836,"[851287, 916993, 5569230, 878715, 1126899]"
837,"[1082185, 6534178, 1029743, 995242, 1106523]"
840,"[1082185, 1029743, 1060408, 1038985, 1138443]"
841,"[947798, 863447, 1128240, 970747, 916122]"
842,"[899624, 870547, 1038663, 916122, 861279]"
844,"[5566472, 1082185, 957232, 1027168, 9835509]"
845,"[825994, 906838, 897954, 1071342, 8090537]"
846,"[1082185, 829291, 866871, 1006184, 866211]"
847,"[1062128, 824180, 940947, 1071342, 919534]"
848,"[1082185, 6534178, 1029743, 995242, 1106523]"
850,"[957232, 871756, 823990, 870547, 934639]"
852,"[1013928, 1070820, 976199, 1126899, 1082185]"
853,"[951412, 6602729, 961979, 960732, 970202]"
854,"[1041796, 1029743, 1082185, 1106523, 5569230]"
855,"[1083446, 916993, 6533936, 1112238, 963868]"
856,"[871756, 1127758, 1029743, 1082185, 5587656]"
857,"[831063, 5568489, 6602440, 921504, 8090509]"
858,"[1106523, 1029743, 1082185, 983584, 844179]"
859,"[1021324, 921504, 1102067, 894439, 1027168]"
861,"[1082185, 6534178, 1029743, 995242, 1106523]"
862,"[1082185, 1029743, 986912, 1106523, 979707]"
863,"[1046756, 1119761, 863447, 916122, 1082185]"
864,"[986912, 1137346, 1043751, 1044078, 1082185]"
865,"[969568, 1036347, 1075368, 825343, 1044078]"
866,"[1106523, 870547, 1044078, 1082185, 983584]"
867,"[5569230, 866211, 1082185, 825365, 1055504]"
868,"[1022097, 912704, 834117, 1082185, 1029743]"
869,"[1106523, 910473, 1126899, 912704, 1029743]"
871,"[878715, 1082185, 981086, 1055425, 823704]"
875,"[1082185, 1126899, 1029743, 937292, 1106523]"
876,"[916993, 1123106, 1082185, 885863, 839419]"
877,"[871061, 1128016, 1098844, 1126899, 1026118]"
878,"[1082185, 846823, 850102, 1131344, 985893]"
879,"[880150, 916122, 8090536, 844179, 12301839]"
880,"[1029743, 1106523, 986912, 1070820, 5569230]"
881,"[1082185, 6534178, 1029743, 995242, 1106523]"
882,"[957063, 1106523, 1043751, 1137775, 999270]"
883,"[1082185, 1051516, 1005274, 1110111, 1022254]"
884,"[1082185, 6534178, 1029743, 995242, 1106523]"
885,"[5587656, 1106523, 1044078, 965766, 844179]"
886,"[1004596, 1070820, 1082185, 9884698, 1004906]"
887,"[957232, 919534, 5585510, 884945, 865456]"
888,"[1082185, 856252, 10344585, 859427, 848319]"
889,"[1082185, 1083446, 947201, 833724, 880427]"
891,"[936914, 1012587, 1028891, 1136375, 10150194]"
893,"[957232, 925862, 1106523, 1042544, 872137]"
894,"[1082185, 1029743, 1041796, 1106523, 1126899]"
895,"[1082185, 5995603, 892728, 5568489, 12349795]"
897,"[829291, 1029743, 965766, 1082185, 1106523]"
898,"[1092303, 1042907, 938300, 972665, 859427]"
900,"[12731714, 6979579, 1008547, 5569230, 940947]"
903,"[1082185, 6534178, 1029743, 995242, 1106523]"
904,"[836445, 871061, 1106523, 1029743, 1082185]"
906,"[911974, 1137507, 860703, 957951, 1082185]"
907,"[961979, 986912, 985999, 933067, 896613]"
908,"[1082185, 1060408, 952972, 1071342, 12302069]"
909,"[1082185, 1029743, 956599, 1041796, 848319]"
911,"[1082185, 10344585, 1051516, 848319, 1092303]"
913,"[994223, 1070820, 834117, 1082185, 1029743]"
914,"[1002771, 12302069, 1042544, 823721, 1082185]"
915,"[999779, 880150, 1082185, 1029743, 1106523]"
916,"[910473, 968072, 861279, 1075368, 1082185]"
919,"[1081177, 1076056, 1044078, 1029743, 1082185]"
920,"[1082185, 1097001, 999779, 1006184, 1106523]"
922,"[1082185, 1027168, 847207, 1130581, 825365]"
924,"[1050851, 1029743, 940766, 1082185, 1044078]"
926,"[1101706, 1138443, 1104343, 1082185, 1026118]"
927,"[986912, 1041796, 1055504, 1082185, 1106523]"
928,"[857006, 1037863, 866211, 866871, 1105488]"
929,"[999250, 1068292, 1134810, 871756, 937292]"
930,"[1082185, 6534178, 1029743, 995242, 1106523]"
931,"[1024051, 1054262, 1029743, 1082185, 919534]"
934,"[1082185, 1106523, 1029743, 899624, 825343]"
935,"[1082185, 6534178, 1029743, 995242, 1106523]"
936,"[1082185, 1106523, 870547, 1029743, 907625]"
937,"[1021116, 995965, 1006184, 6034857, 1126899]"
939,"[1106523, 1082185, 1102416, 1074333, 6464086]"
940,"[944486, 1029743, 1082185, 1106523, 916122]"
941,"[9677236, 5568378, 1082185, 1126899, 1106523]"
942,"[1015539, 946995, 1087102, 6534480, 1070702]"
943,"[1035207, 1106523, 1121059, 1029743, 5569230]"
944,"[1127831, 1004906, 866211, 979707, 1106523]"
946,"[1082185, 825994, 832678, 944534, 933067]"
947,"[895930, 944486, 883003, 1101010, 1081177]"
949,"[829001, 8090521, 828106, 8090537, 1029743]"
951,"[823704, 841220, 1050851, 1042438, 1029743]"
952,"[1075368, 1122358, 1029743, 1082185, 1106523]"
953,"[1075214, 1123022, 871756, 5574377, 870547]"
954,"[1126899, 1106523, 912704, 910473, 976199]"
955,"[1008547, 825749, 832678, 957063, 1106523]"
956,"[1082185, 12262830, 961979, 968072, 1130375]"
957,"[1029743, 1106523, 1082185, 856252, 965766]"
959,"[1008547, 998119, 1106523, 1082185, 1029743]"
960,"[886395, 1029743, 1082185, 1070820, 917033]"
961,"[956672, 1029743, 1082185, 976199, 1106523]"
964,"[1044188, 1102067, 1051211, 1106523, 1082185]"
965,"[871756, 12301100, 944534, 9836106, 1122358]"
967,"[1082185, 6534178, 1029743, 995242, 1106523]"
968,"[7442008, 1082185, 1029743, 989069, 1074754]"
969,"[1082185, 6534178, 1029743, 995242, 1106523]"
971,"[1082185, 1022097, 1055504, 866211, 995965]"
972,"[982790, 832678, 1051211, 1082185, 1029743]"
973,"[1082185, 896085, 1018007, 907625, 835278]"
974,"[1082185, 6534178, 1029743, 995242, 1106523]"
975,"[944836, 1055504, 995965, 868888, 1027835]"
976,"[826666, 903800, 1082185, 1021324, 5565202]"
978,"[912704, 1106523, 1042907, 866211, 826597]"
979,"[860703, 1082185, 866211, 936914, 1008547]"
981,"[1106523, 1082185, 852856, 1126899, 909714]"
982,"[951197, 866211, 1021324, 1054262, 933067]"
983,"[1067695, 1102416, 1036347, 1027168, 12302069]"
984,"[829852, 1126899, 979707, 1082185, 1029743]"
985,"[1108094, 1029743, 1098844, 825365, 825343]"
986,"[1116635, 8090440, 916122, 1082185, 1029743]"
987,"[1065538, 970747, 7139529, 819978, 1087102]"
988,"[1044188, 1070820, 852856, 1102067, 916122]"
989,"[871756, 1082185, 1068292, 1029743, 8090509]"
991,"[1082185, 6534178, 1029743, 995242, 1106523]"
992,"[909714, 1082185, 1029743, 1126899, 5568729]"
993,"[993638, 1082185, 971922, 933835, 1101010]"
996,"[9296919, 1043751, 1081177, 1040807, 1082185]"
997,"[1082185, 6534178, 1029743, 995242, 1106523]"
998,"[823704, 937292, 1000753, 1082185, 5568732]"
999,"[885290, 1016800, 5590695, 926905, 8090532]"
1000,"[957232, 1131438, 986912, 854852, 1082185]"
1001,"[901776, 1135834, 908318, 1051211, 965766]"
1003,"[1082185, 6534178, 1029743, 995242, 1106523]"
1004,"[964521, 1046587, 849202, 1029743, 965766]"
1005,"[917816, 937292, 1108168, 1119761, 12301100]"
1007,"[1106523, 1029743, 1082185, 1126899, 979707]"
1008,"[910473, 1126899, 1106523, 1029743, 1082185]"
1010,"[892314, 825365, 1127831, 854405, 971922]"
1011,"[1046756, 859191, 944836, 957951, 880150]"
1012,"[1082185, 6534178, 1029743, 995242, 1106523]"
1014,"[948670, 1104343, 976199, 1082185, 1126899]"
1015,"[1037332, 1082185, 986912, 916993, 1029743]"
1018,"[936355, 1018740, 989069, 1070820, 838186]"
1019,"[1068292, 934639, 957736, 854852, 1106523]"
1020,"[994223, 5981267, 1082185, 10150194, 10344585]"
1021,"[1082185, 1029743, 1070820, 965766, 1106523]"
1023,"[963835, 1019643, 1028891, 5570882, 974204]"
1024,"[1082185, 940947, 5582712, 999779, 1133312]"
1025,"[1137346, 856060, 845622, 1112238, 998119]"
1027,"[914318, 1040807, 899624, 1132771, 1126899]"
1029,"[1082185, 963835, 1048257, 1127831, 12731714]"
1030,"[1082185, 6534178, 1029743, 995242, 1106523]"
1034,"[1082185, 6534178, 1029743, 995242, 1106523]"
1038,"[1082185, 6534178, 1029743, 995242, 1106523]"
1039,"[1082185, 862335, 831063, 831628, 835098]"
1040,"[1054262, 1082185, 894447, 885290, 1050741]"
1041,"[1116635, 870547, 5585510, 963971, 1038663]"
1042,"[1054262, 856252, 1082185, 868683, 1027168]"
1043,"[1082185, 6534178, 1029743, 995242, 1106523]"
1045,"[1082185, 985893, 931255, 998444, 1029743]"
1046,"[1082185, 866871, 1135552, 8090532, 823862]"
1047,"[1042907, 844179, 899624, 12810393, 1082185]"
1050,"[1082185, 930666, 1037863, 1051211, 1044078]"
1051,"[1082185, 921504, 964521, 859191, 1105917]"
1053,"[971922, 979707, 1137775, 1082185, 1029743]"
1057,"[916990, 8090532, 892531, 1082185, 1013597]"
1058,"[1106523, 883003, 5568729, 844179, 1029743]"
1060,"[1082185, 1070820, 1029743, 1106523, 1126899]"
1061,"[1012587, 1025611, 832678, 1038663, 957063]"
1062,"[1029743, 979707, 1106523, 5569230, 1082185]"
1064,"[1082185, 862799, 839243, 1051211, 1070820]"
1066,"[1082185, 944534, 885290, 854405, 1022254]"
1067,"[8090532, 865705, 1074333, 974156, 1075368]"
1068,"[1025611, 999779, 823990, 861279, 1000753]"
1069,"[904129, 989069, 999858, 1029743, 983584]"
1070,"[1123842, 983584, 1029743, 1082185, 1106523]"
1071,"[946839, 1106523, 12810393, 1029743, 899624]"
1073,"[923789, 1013597, 1082185, 829001, 999714]"
1074,"[6513604, 1013167, 1054262, 1027168, 1092937]"
1075,"[1029743, 910473, 1002850, 10149640, 910673]"
1076,"[1089954, 1036347, 999714, 1038663, 999858]"
1077,"[1082185, 6534178, 1029743, 995242, 1106523]"
1078,"[869857, 6034577, 1106523, 1101706, 1082185]"
1080,"[946839, 8090537, 897954, 1072523, 899624]"
1081,"[1082185, 1098435, 1029743, 908318, 1089954]"
1082,"[5590613, 7441210, 5587656, 846823, 1106523]"
1083,"[831628, 839419, 825343, 899624, 933835]"
1084,"[907625, 844179, 999858, 1122358, 1082185]"
1085,"[1082185, 1029743, 874972, 852856, 944139]"
1086,"[846823, 1082185, 844179, 1106523, 1029743]"
1087,"[1082185, 6534178, 1029743, 995242, 1106523]"
1088,"[1022254, 1082185, 1029743, 1106523, 1044078]"
1089,"[849202, 947798, 1029743, 1082185, 1106523]"
1090,"[1082185, 6534178, 1029743, 995242, 1106523]"
1091,"[1082185, 1060408, 12302069, 1029743, 932863]"
1092,"[999779, 1128016, 1004906, 1126899, 1082185]"
1093,"[1029743, 1082185, 1042942, 1004390, 1106523]"
1094,"[1082185, 859154, 8090509, 1051323, 1059902]"
1096,"[1029743, 1132771, 1082212, 1126899, 1082185]"
1097,"[1106523, 1121360, 8090440, 948650, 1008547]"
1098,"[1082185, 1014732, 1102416, 1127831, 1029743]"
1100,"[976199, 1082185, 1126899, 1106523, 1029743]"
1102,"[1082185, 1104649, 1027168, 1127758, 979707]"
1103,"[1022254, 1051211, 8090440, 965766, 976199]"
1104,"[871756, 7442008, 999104, 986912, 1082185]"
1105,"[1082185, 6534178, 1029743, 995242, 1106523]"
1106,"[1082185, 1008547, 1037840, 1106523, 1029743]"
1108,"[1082185, 6534178, 1029743, 995242, 1106523]"
1109,"[1082185, 1046816, 1115576, 839243, 857503]"
1110,"[1018007, 863447, 948650, 957736, 1076056]"
1111,"[5585701, 9419525, 1082185, 943362, 1008547]"
1112,"[1106523, 1029743, 1082185, 6034857, 1126899]"
1113,"[1082185, 1126899, 944249, 1009187, 854754]"
1114,"[1126899, 1029743, 852856, 1106523, 910473]"
1115,"[1082185, 6534178, 1029743, 995242, 1106523]"
1117,"[1051323, 1081177, 839656, 1082185, 1029743]"
1119,"[12302069, 940947, 999270, 1082185, 1029743]"
1120,"[1082185, 6534178, 1029743, 995242, 1106523]"
1121,"[1051211, 1082185, 871756, 6534035, 828106]"
1123,"[859191, 5585510, 852856, 1098844, 1126899]"
1124,"[1082185, 6534178, 1029743, 995242, 1106523]"
1127,"[1029743, 1082185, 1106523, 1126899, 844179]"
1128,"[1044188, 1082185, 1029743, 862335, 1126899]"
1129,"[910473, 1126899, 909714, 1082185, 1029743]"
1130,"[1022254, 1093413, 1068292, 1004906, 1081177]"
1131,"[1021116, 963971, 1082185, 827656, 944137]"
1132,"[1082185, 6534178, 1029743, 995242, 1106523]"
1133,"[865705, 1082185, 1098844, 896613, 1029743]"
1134,"[1082185, 957232, 934399, 1051323, 1043751]"
1135,"[1082185, 1029743, 1126899, 1004906, 1106523]"
1136,"[1082185, 983584, 892531, 999779, 937292]"
1137,"[1082185, 914318, 12301405, 885290, 1124432]"
1138,"[1015539, 957951, 1056509, 1106523, 1029743]"
1139,"[1082185, 6534178, 1029743, 995242, 1106523]"
1141,"[910673, 907631, 1016800, 949965, 983584]"
1142,"[1082185, 878715, 1108094, 963835, 1051468]"
1145,"[5585510, 1094308, 907631, 986912, 1082185]"
1146,"[910673, 904129, 1131344, 1096635, 1037863]"
1147,"[1123842, 1134810, 1016800, 944139, 829001]"
1149,"[1082185, 1026118, 1029743, 1106523, 1041796]"
1151,"[1136524, 6602697, 832678, 947798, 893018]"
1152,"[1110111, 5569471, 1106523, 1029743, 1004906]"
1154,"[1001333, 983584, 1106523, 1082185, 1029743]"
1155,"[1029743, 1082185, 1126899, 1106523, 1070820]"
1157,"[1070820, 901776, 1071342, 1082185, 1029743]"
1158,"[929018, 1119761, 968072, 8090521, 9836106]"
1159,"[1050741, 8090532, 1082185, 1081177, 1098844]"
1160,"[12301100, 871756, 1044078, 12302069, 1106523]"
1161,"[1082185, 6534178, 1029743, 995242, 1106523]"
1163,"[1082185, 6039859, 1029743, 825343, 854405]"
1164,"[1082185, 901062, 948670, 1070820, 10149640]"
1166,"[1082185, 862799, 851287, 1060408, 5568447]"
1167,"[1082185, 5572738, 1070820, 8019977, 964521]"
1168,"[1019637, 1062128, 983584, 1082185, 1029743]"
1169,"[12946027, 1138443, 1082185, 1038663, 1027168]"
1171,"[1082185, 6534178, 1029743, 995242, 1106523]"
1172,"[5568447, 1009368, 1029688, 1105917, 1122358]"
1174,"[1126899, 1082185, 979707, 1029743, 844179]"
1175,"[6534035, 1028891, 887102, 914318, 998444]"
1176,"[1082185, 6534178, 1029743, 995242, 1106523]"
1178,"[1104343, 1022254, 5588161, 1138443, 5569230]"
1179,"[1056509, 1018007, 865705, 863447, 909129]"
1180,"[1104649, 1038985, 838186, 5587656, 9527184]"
1182,"[1044078, 1106523, 899624, 880150, 979707]"
1183,"[1082185, 6534178, 1029743, 995242, 1106523]"
1185,"[930666, 947798, 1132771, 968072, 1106523]"
1186,"[1082185, 1094924, 869857, 903800, 833724]"
1187,"[1054262, 1025611, 1138487, 854900, 1027168]"
1188,"[1029743, 960613, 965766, 5569327, 1106523]"
1189,"[904997, 1068292, 1106523, 1022254, 1042438]"
1190,"[1075214, 12810393, 8090521, 897954, 990797]"
1191,"[1082185, 1071342, 1121059, 1119761, 865705]"
1192,"[1029743, 1082185, 5569230, 1106523, 1044078]"
1193,"[1102416, 1086119, 1082185, 1013928, 1050851]"
1194,"[910473, 993638, 1000753, 1022254, 999270]"
1195,"[1082185, 1106523, 1041796, 1126899, 1029743]"
1196,"[1082185, 892531, 1070820, 901062, 857503]"
1197,"[1082185, 1137346, 1102067, 1034176, 1077373]"
1198,"[1029743, 1004906, 1126899, 866211, 979707]"
1201,"[1126899, 1106523, 1029743, 910473, 1082185]"
1202,"[1048257, 1082185, 1106523, 1029743, 1050851]"
1203,"[846823, 9296919, 1035676, 1068292, 1072523]"
1204,"[917033, 926905, 5587656, 1087102, 1106523]"
1205,"[1029743, 870547, 5585510, 1043751, 1082185]"
1206,"[12302069, 930666, 940947, 834117, 841220]"
1207,"[1029743, 1126899, 1082185, 1106523, 916122]"
1208,"[1098284, 1106523, 999858, 1082185, 1029743]"
1209,"[986912, 1029743, 1082185, 1106523, 1122358]"
1210,"[1082185, 6534178, 1029743, 995242, 1106523]"
1211,"[6034577, 1037631, 836445, 9297474, 972143]"
1214,"[1082185, 6534178, 1029743, 995242, 1106523]"
1216,"[946995, 5569230, 986912, 1029743, 1098844]"
1217,"[5981074, 1025611, 1029743, 1050851, 1075368]"
1218,"[1082185, 824180, 1022254, 1070820, 1027168]"
1219,"[844179, 1082185, 1029743, 883003, 1106523]"
1221,"[1004906, 1029743, 1082185, 1106523, 965766]"
1222,"[5568489, 5570383, 1082185, 831063, 848319]"
1223,"[1106523, 976199, 1029743, 916122, 1082185]"
1224,"[969866, 6602697, 934639, 848029, 865456]"
1225,"[1004906, 1082185, 1029743, 1106523, 1126899]"
1226,"[856252, 1043751, 1082185, 866211, 1098844]"
1227,"[841220, 1098248, 823721, 1070702, 5568378]"
1228,"[1082185, 1055504, 901062, 899624, 1101706]"
1229,"[862799, 951412, 1051468, 892573, 991223]"
1230,"[1082185, 6534178, 1029743, 995242, 1106523]"
1231,"[890909, 1082185, 955431, 8090541, 1108094]"
1234,"[960732, 1051211, 8090556, 866211, 1098844]"
1236,"[8090521, 5569230, 965766, 1082185, 1029743]"
1238,"[834826, 829323, 835098, 896613, 872137]"
1240,"[1106271, 1082185, 944836, 1070820, 880427]"
1241,"[1082185, 6534178, 1029743, 995242, 1106523]"
1242,"[1082185, 6534178, 1029743, 995242, 1106523]"
1245,"[1106523, 992529, 831628, 964521, 969866]"
1246,"[1108094, 1076056, 971922, 1082185, 1126899]"
1247,"[1082185, 835278, 1034955, 921504, 1029743]"
1248,"[865511, 863885, 925862, 7167687, 1138443]"
1249,"[1082185, 6534178, 1029743, 995242, 1106523]"
1252,"[925862, 1115175, 999104, 1070820, 872137]"
1255,"[1126899, 1029743, 909714, 1106523, 986912]"
1256,"[1082185, 991223, 976214, 936355, 960732]"
1257,"[1082185, 6534178, 1029743, 995242, 1106523]"
1258,"[849202, 1132771, 5569471, 872137, 1051211]"
1259,"[6533608, 1082185, 916993, 960732, 910032]"
1260,"[903800, 1051516, 852856, 833724, 9677366]"
1261,"[1082185, 1055504, 1056212, 986912, 1106523]"
1262,"[1082185, 6534178, 1029743, 995242, 1106523]"
1263,"[12262778, 1029743, 1082185, 1106523, 1044078]"
1264,"[916990, 1083787, 952972, 1082185, 1029743]"
1265,"[1082185, 1054402, 1067606, 852856, 827656]"
1266,"[1008547, 12810391, 899624, 863447, 916122]"
1267,"[1082185, 1055425, 1098844, 6034857, 916122]"
1269,"[933835, 848319, 908318, 899624, 1082185]"
1270,"[1082185, 1106523, 1072523, 910032, 9835509]"
1271,"[1117514, 869857, 937292, 1082185, 6533936]"
1272,"[856252, 1105917, 1070845, 6602697, 974766]"
1274,"[10150194, 879504, 1075214, 865528, 5569792]"
1277,"[1006483, 1106523, 1137346, 7441210, 1015785]"
1278,"[1082185, 6534178, 1029743, 995242, 1106523]"
1279,"[1082185, 904997, 846823, 969866, 1036347]"
1280,"[1082185, 6534178, 1029743, 995242, 1106523]"
1281,"[1128016, 825365, 1044078, 1126899, 912704]"
1282,"[5585510, 1123022, 1070272, 871756, 12301109]"
1283,"[1082185, 6534178, 1029743, 995242, 1106523]"
1284,"[1056509, 1044078, 5569792, 823704, 871756]"
1285,"[947201, 1082185, 1043751, 985999, 1098248]"
1287,"[1097001, 1082185, 1112238, 1130375, 1087102]"
1288,"[897954, 870547, 1081177, 1044078, 899624]"
1289,"[870547, 1055155, 5569230, 1029743, 1082185]"
1290,"[934639, 1081177, 916122, 979707, 1082185]"
1291,"[1082185, 1027168, 874972, 851188, 1081177]"
1293,"[934639, 1025611, 12302069, 12301405, 1119761]"
1294,"[860167, 1067749, 878715, 871680, 1082185]"
1295,"[1029743, 1082185, 1041796, 1004906, 1126899]"
1296,"[12810393, 1051211, 880150, 1041796, 908318]"
1297,"[934399, 1082185, 985999, 882247, 1029743]"
1298,"[832678, 999104, 931255, 896862, 1004906]"
1299,"[1082185, 896085, 6464165, 1137346, 901062]"
1300,"[1082185, 1138443, 1055504, 957063, 1044078]"
1303,"[1042942, 906844, 830503, 8090539, 1119761]"
1304,"[871611, 1029743, 1082185, 1098248, 916122]"
1305,"[904129, 1021116, 837644, 1106523, 1013928]"
1306,"[8090536, 7166861, 1001702, 12301839, 892531]"
1307,"[1082185, 1029743, 1126899, 1106523, 1122358]"
1310,"[1082185, 6534178, 1029743, 995242, 1106523]"
1312,"[1029743, 1126899, 1082185, 1106523, 5568378]"
1313,"[938300, 8090521, 1029743, 1082185, 1098844]"
1314,"[1117514, 1050741, 1102416, 1130458, 1022097]"
1316,"[1005274, 982790, 919534, 965766, 933067]"
1317,"[1138292, 1138487, 5568489, 7442008, 1075786]"
1318,"[8090532, 910473, 5569845, 5569374, 925862]"
1319,"[5569845, 880150, 1126899, 1029743, 1070820]"
1321,"[12810393, 1106523, 893018, 1127831, 1044078]"
1325,"[1082185, 1055504, 837270, 1137775, 1098844]"
1326,"[1082185, 1029743, 945662, 839419, 963971]"
1328,"[1029743, 1082185, 922561, 866211, 934639]"
1329,"[857006, 986912, 1098248, 841220, 866211]"
1330,"[1042907, 829852, 1106523, 1082185, 1029743]"
1331,"[1055504, 1031316, 1041796, 1029743, 1082185]"
1332,"[1112205, 996028, 12810393, 880150, 1062128]"
1333,"[1082185, 882604, 1069003, 1022097, 5995603]"
1334,"[1029743, 1082185, 1106523, 979707, 965766]"
1335,"[1010681, 878996, 1082185, 1106523, 1029743]"
1336,"[860167, 871756, 1081177, 854852, 933067]"
1337,"[1082185, 1083446, 924531, 955431, 929018]"
1338,"[1027168, 1056509, 989069, 1106523, 863447]"
1340,"[1029743, 1126899, 909714, 5568729, 1082185]"
1342,"[1082185, 6534178, 1029743, 995242, 1106523]"
1343,"[1082185, 6534178, 1029743, 995242, 1106523]"
1344,"[1082185, 6534178, 1029743, 995242, 1106523]"
1346,"[1029743, 1106523, 1082185, 1126899, 1044078]"
1347,"[998206, 917033, 910473, 882247, 1074333]"
1350,"[1106523, 1127758, 1038663, 1051323, 1018007]"
1351,"[1029743, 1106523, 1082185, 1126899, 916122]"
1352,"[6602697, 8290421, 1004906, 951412, 1022254]"
1353,"[1137346, 937292, 1132771, 999858, 919534]"
1354,"[12648296, 1070272, 965766, 1041796, 1082185]"
1355,"[1082185, 6534178, 1029743, 995242, 1106523]"
1356,"[5569230, 1070820, 1082185, 1106523, 1126899]"
1357,"[1070820, 1082185, 1029743, 1106523, 1022254]"
1358,"[5590613, 12301100, 825365, 1056509, 8090509]"
1359,"[1082185, 6534178, 1029743, 995242, 1106523]"
1360,"[1082185, 6534178, 1029743, 995242, 1106523]"
1361,"[1082185, 6534178, 1029743, 995242, 1106523]"
1362,"[1121393, 7168026, 1105488, 1082185, 1029743]"
1363,"[1082185, 6534178, 1029743, 995242, 1106523]"
1364,"[999250, 1082185, 835098, 1029743, 1022254]"
1366,"[1082185, 871061, 1070272, 1087102, 854405]"
1367,"[1048257, 8090513, 1075214, 933835, 1070820]"
1368,"[828106, 862799, 944137, 12263692, 12301109]"
1369,"[1082185, 845307, 823775, 824180, 895295]"
1370,"[957232, 971474, 1001333, 1137346, 8090539]"
1373,"[1042907, 6034857, 1082185, 1029743, 1041796]"
1374,"[824180, 1037840, 979707, 1082185, 944534]"
1375,"[1070820, 6034857, 1082185, 1106523, 1029743]"
1376,"[1082185, 1034176, 960613, 12731432, 1029743]"
1378,"[1082185, 1097001, 9297474, 859427, 909268]"
1379,"[1082185, 949294, 956599, 829001, 883932]"
1380,"[1082185, 6534178, 1029743, 995242, 1106523]"
1381,"[1082185, 6534178, 1029743, 995242, 1106523]"
1382,"[1106523, 1082185, 1029743, 1010681, 965766]"
1383,"[1034176, 5568249, 909714, 1026118, 1126899]"
1384,"[985999, 999270, 1102067, 1100972, 1106523]"
1385,"[1082185, 1054262, 1029743, 846823, 1103105]"
1387,"[5568732, 12301073, 1105917, 944534, 899624]"
1388,"[7168058, 865705, 5570383, 5591170, 1027168]"
1389,"[5568447, 10150194, 885290, 1105488, 1082185]"
1390,"[995628, 872137, 1126899, 976199, 1082185]"
1391,"[965772, 1098844, 1006184, 913210, 852856]"
1393,"[833724, 1044759, 1082185, 12810393, 956672]"
1394,"[1082185, 1046756, 1022097, 852856, 940947]"
1395,"[6533608, 1068292, 857006, 934639, 1082212]"
1397,"[1024051, 1127758, 8020001, 1106523, 1029743]"
1398,"[844179, 1072523, 1082185, 1029743, 1106523]"
1399,"[1008547, 6034857, 1082185, 1070820, 899624]"
1401,"[1076056, 976199, 844179, 1044078, 1041796]"
1402,"[1082185, 912704, 1056509, 937292, 1106523]"
1403,"[1082185, 6534178, 1029743, 995242, 1106523]"
1405,"[871756, 1056509, 1137775, 5585510, 933067]"
1406,"[826666, 948298, 943362, 1082185, 1138443]"
1408,"[1106523, 933067, 872137, 8090537, 1029743]"
1409,"[12731714, 937292, 823704, 8090513, 1082185]"
1410,"[1029743, 1082185, 1106523, 1092937, 979707]"
1412,"[1082185, 1131488, 862799, 5570383, 888543]"
1413,"[1051323, 1029743, 1106523, 1082185, 1004906]"
1414,"[1126899, 976199, 1106523, 1029743, 1082185]"
1417,"[913210, 896613, 899624, 1082185, 1029743]"
1418,"[1082185, 1008547, 1137284, 956672, 1029743]"
1419,"[5585701, 957232, 9419525, 1019637, 1130375]"
1421,"[1082185, 8090521, 12301405, 1044078, 1043751]"
1423,"[5981267, 1070820, 1082185, 1126899, 916122]"
1425,"[8090509, 5568378, 1101010, 940947, 8090537]"
1426,"[8090521, 6534480, 8090537, 919534, 1029743]"
1427,"[1046587, 871756, 996009, 1013167, 12301405]"
1428,"[839419, 1074333, 1029743, 10149640, 985999]"
1429,"[1126899, 1082185, 1029743, 979707, 916122]"
1430,"[1022097, 1082185, 1093413, 906844, 959316]"
1431,"[934399, 998119, 1021324, 832678, 1029743]"
1434,"[1082185, 820321, 12301073, 839419, 908283]"
1437,"[1021324, 885863, 1044759, 1138443, 933067]"
1440,"[919534, 937292, 1056509, 1043751, 899624]"
1443,"[906844, 1082185, 1029743, 1126899, 1054402]"
1445,"[1117514, 1082185, 951197, 951412, 892531]"
1447,"[1037840, 1106523, 1029743, 1126899, 1082185]"
1450,"[1029743, 1106523, 1082185, 1044078, 1004906]"
1451,"[1082185, 1027168, 957951, 1121393, 1051211]"
1452,"[1008032, 1082185, 1013928, 865528, 12302069]"
1453,"[1051468, 930118, 869857, 946995, 903800]"
1454,"[882604, 5569374, 1082185, 866871, 1137775]"
1457,"[972143, 1106523, 1082185, 1092885, 910673]"
1458,"[1127758, 1128016, 933067, 1105917, 1083787]"
1459,"[1123022, 12262778, 948832, 6534480, 1082212]"
1461,"[5570383, 1098248, 1022254, 921504, 998444]"
1462,"[1080853, 1098248, 887503, 885290, 12810393]"
1463,"[835300, 8090560, 986912, 1106523, 1082185]"
1464,"[1082185, 6534178, 1029743, 995242, 1106523]"
1465,"[824180, 976199, 1082185, 1029743, 1044078]"
1466,"[1082185, 6534178, 1029743, 995242, 1106523]"
1467,"[8090539, 1097001, 823775, 1067695, 12301100]"
1470,"[998119, 1056509, 1082185, 1087102, 1070820]"
1471,"[1126899, 1082185, 1029743, 1106523, 976199]"
1473,"[951412, 1000237, 912704, 1082185, 1051211]"
1474,"[9836106, 1106523, 5568378, 1037840, 1072523]"
1475,"[862335, 12301839, 999858, 970747, 6533936]"
1476,"[1121393, 1046816, 9677366, 907099, 8090513]"
1479,"[1110244, 1082185, 885697, 1051211, 1029743]"
1480,"[1082185, 6534178, 1029743, 995242, 1106523]"
1481,"[969568, 827656, 885290, 1055425, 848319]"
1483,"[861279, 850102, 1004906, 971922, 5569230]"
1484,"[919534, 944836, 925862, 995628, 1055504]"
1485,"[953561, 971922, 1106523, 933835, 1082185]"
1487,"[940947, 832678, 839243, 12301100, 12810393]"
1488,"[1054262, 1082185, 844697, 1008547, 1131506]"
1489,"[1082185, 1029743, 1121384, 1134483, 1110244]"
1490,"[12262830, 829323, 972143, 1068292, 906838]"
1491,"[1082185, 10150194, 957063, 8014645, 925862]"
1492,"[1082185, 1051211, 965766, 1029743, 976199]"
1493,"[854852, 1126899, 897954, 872137, 5569230]"
1494,"[836445, 5585510, 824180, 956486, 1004390]"
1495,"[1004390, 1082185, 1022254, 1123842, 1105917]"
1499,"[872137, 1082185, 1029743, 1106523, 899624]"
1500,"[1122358, 1029743, 1044078, 1126899, 1082185]"
1501,"[1106271, 1082185, 858439, 1121393, 827919]"
1502,"[1106523, 933835, 1082185, 1126899, 1070820]"
1506,"[952972, 917816, 1004906, 869047, 12301100]"
1507,"[936355, 1043751, 819978, 866211, 1029743]"
1508,"[951412, 1122358, 1092303, 872137, 1126899]"
1509,"[1110218, 844697, 1082185, 1016800, 1090931]"
1510,"[937292, 1138467, 857006, 1115576, 848319]"
1511,"[1123022, 895930, 964521, 871756, 5569845]"
1512,"[986912, 1082185, 5569230, 1029743, 1106271]"
1513,"[916122, 1082185, 1029743, 1106523, 1044078]"
1514,"[1121393, 1027168, 1120928, 1082185, 1126899]"
1515,"[1029743, 1106523, 5569230, 1082185, 1044078]"
1517,"[1070820, 1101706, 5591170, 910032, 832678]"
1518,"[863447, 1106523, 1029743, 986912, 1082185]"
1519,"[1043751, 1008547, 965842, 885863, 854754]"
1520,"[5577022, 1042907, 1103691, 6034857, 1029743]"
1521,"[1082185, 6534178, 1029743, 995242, 1106523]"
1523,"[1082185, 6534178, 1029743, 995242, 1106523]"
1524,"[1082185, 6534178, 1029743, 995242, 1106523]"
1525,"[1082185, 6534178, 1029743, 995242, 1106523]"
1526,"[865026, 887474, 957063, 1134810, 986912]"
1527,"[1082185, 866211, 862335, 951412, 5569230]"
1528,"[1082185, 1029743, 1044078, 1106523, 866211]"
1529,"[12301839, 1113274, 825749, 899624, 863885]"
1530,"[1082185, 938300, 6548453, 857006, 848319]"
1531,"[1106523, 1044078, 1082185, 933835, 979707]"
1532,"[1029743, 1106523, 5569230, 1082185, 986912]"
1533,"[971474, 1106523, 1126899, 1082185, 1029743]"
1534,"[1004436, 1070820, 999198, 916122, 1082185]"
1535,"[871756, 832678, 910673, 1025611, 906838]"
1536,"[916990, 6039687, 1050741, 944137, 865511]"
1537,"[1082185, 1029743, 1106523, 899624, 1004906]"
1539,"[1126899, 1106523, 1029743, 1082185, 909714]"
1540,"[8015407, 7442008, 832678, 838186, 1082185]"
1541,"[1082185, 1029743, 844179, 1128016, 916122]"
1542,"[957232, 870547, 1004906, 1082185, 1029743]"
1543,"[1043494, 871756, 1082185, 1029743, 8090560]"
1545,"[1090931, 6463775, 882247, 1022254, 839243]"
1546,"[917816, 911311, 989069, 999779, 1038663]"
1547,"[1029743, 1082185, 1126899, 1106523, 1044078]"
1548,"[1082185, 1134483, 1070272, 965842, 1000237]"
1549,"[1122358, 1022254, 986912, 1051516, 1076056]"
1550,"[998444, 957063, 946839, 6602697, 1082185]"
1552,"[944836, 839243, 1029743, 1082185, 1121393]"
1553,"[1082185, 6534178, 1029743, 995242, 1106523]"
1555,"[1029743, 1106523, 1082185, 1044078, 1126899]"
1556,"[1082185, 1082212, 899624, 1051211, 999714]"
1557,"[1082185, 1117514, 829001, 996028, 1098248]"
1558,"[1030093, 1082185, 1002771, 866211, 1120928]"
1559,"[1082990, 854852, 1075368, 1082185, 1029743]"
1560,"[1082185, 823704, 1029743, 12301109, 965766]"
1563,"[1106271, 957951, 854852, 901776, 952972]"
1564,"[854852, 1082185, 1106523, 1041796, 1029743]"
1566,"[848319, 1046756, 5591170, 849202, 1051323]"
1567,"[934639, 1082185, 993638, 1119761, 1084036]"
1568,"[1121384, 1106523, 1082185, 1092303, 12695224]"
1569,"[1082185, 6534178, 1029743, 995242, 1106523]"
1570,"[914318, 854852, 965842, 6034857, 871061]"
1571,"[1082185, 6534178, 1029743, 995242, 1106523]"
1572,"[1005274, 12301073, 7139529, 9835509, 1082185]"
1575,"[1082185, 901062, 1022254, 1026118, 979707]"
1576,"[1037863, 948650, 1029743, 1082185, 1106523]"
1577,"[6533608, 909268, 997796, 832678, 5570048]"
1578,"[8090532, 829291, 844697, 12810393, 8090509]"
1579,"[1054262, 856252, 12946027, 8090532, 861279]"
1580,"[934639, 1082185, 1029743, 965766, 979707]"
1581,"[1082185, 6534178, 1029743, 995242, 1106523]"
1584,"[1028891, 865705, 1134483, 957736, 999779]"
1585,"[5569471, 854852, 5568729, 1126899, 1082185]"
1587,"[919534, 965842, 1029743, 1082185, 979707]"
1588,"[1082185, 866211, 6602697, 1022254, 854852]"
1590,"[1028891, 1082185, 829291, 944836, 838186]"
1591,"[1082185, 859427, 890695, 1000237, 1050851]"
1592,"[1002771, 823704, 884945, 1082185, 1029743]"
1593,"[986912, 1029743, 870547, 1082185, 993638]"
1594,"[1008547, 1044188, 865456, 5590613, 1106523]"
1595,"[1038985, 930344, 1128016, 937292, 892531]"
1596,"[1046816, 885290, 901776, 963971, 904129]"
1598,"[1082185, 1051211, 1029743, 1106523, 1056509]"
1599,"[944137, 1013928, 933067, 937292, 999779]"
1600,"[1082185, 6534178, 1029743, 995242, 1106523]"
1602,"[909268, 944836, 10150194, 1082185, 1104343]"
1604,"[832678, 1051211, 5569230, 1029743, 986912]"
1607,"[1138443, 1132771, 1029743, 1082185, 1126899]"
1608,"[1082185, 6534178, 1029743, 995242, 1106523]"
1609,"[885023, 1082185, 892728, 903800, 964521]"
1611,"[1037840, 1106523, 1082185, 1126899, 910473]"
1612,"[968072, 1070820, 1082185, 1029743, 986912]"
1614,"[1029743, 1082185, 1106523, 844179, 1041796]"
1618,"[1138443, 879504, 9242918, 1082185, 944836]"
1619,"[1117514, 970160, 992529, 934639, 963868]"
1620,"[1024051, 862799, 5590695, 5981074, 1082185]"
1621,"[1137346, 972931, 1082185, 1087102, 823704]"
1622,"[1082185, 1055504, 1062002, 6034857, 1022254]"
1623,"[870547, 1106523, 1040807, 1041796, 1044078]"
1624,"[986912, 5569230, 993638, 823990, 880150]"
1627,"[1117514, 880427, 1011926, 849202, 835098]"
1628,"[1082185, 6534178, 1029743, 995242, 1106523]"
1630,"[1082185, 1018740, 865026, 5585510, 1098284]"
1631,"[967461, 970747, 1035676, 1070845, 947798]"
1632,"[1126899, 1082185, 1070820, 834117, 1029743]"
1633,"[1082185, 1135834, 1028891, 957736, 823704]"
1634,"[1082185, 866755, 845307, 1075368, 7442008]"
1636,"[1082185, 6534178, 1029743, 995242, 1106523]"
1637,"[948298, 986912, 971922, 1014948, 1082185]"
1638,"[1137284, 995965, 1098248, 1029743, 1082185]"
1640,"[823704, 1106523, 1029743, 1082185, 1044078]"
1641,"[1082185, 6534178, 1029743, 995242, 1106523]"
1642,"[970160, 934399, 1055504, 1008547, 1082185]"
1643,"[5568729, 1029743, 1082185, 1106523, 1126899]"
1644,"[1029743, 1126899, 909714, 1132771, 986912]"
1645,"[1082185, 6534178, 1029743, 995242, 1106523]"
1646,"[1082185, 6534178, 1029743, 995242, 1106523]"
1647,"[1082185, 1041796, 1029743, 1126899, 1106523]"
1648,"[1106523, 1029743, 1082185, 1126899, 1044078]"
1649,"[1082185, 6391381, 963971, 999104, 1051516]"
1650,"[944137, 854754, 940947, 866211, 6034857]"
1651,"[1055504, 1104343, 901062, 6034857, 1082185]"
1652,"[1082185, 6534178, 1029743, 995242, 1106523]"
1653,"[1082185, 1121393, 1005274, 995628, 957232]"
1654,"[1126899, 909714, 912704, 986912, 1029743]"
1657,"[1106523, 1029743, 899624, 1044078, 8090537]"
1658,"[1004906, 979707, 1082185, 1029743, 6034857]"
1659,"[1082185, 957063, 5563693, 882247, 1105488]"
1660,"[827919, 825365, 1126899, 1082185, 1029743]"
1662,"[991223, 1082185, 880427, 951412, 825994]"
1663,"[1062128, 1029743, 1082185, 1106523, 5569230]"
1664,"[1123022, 8090532, 871756, 1051211, 1044078]"
1665,"[1029743, 1082185, 1106523, 899624, 1041796]"
1666,"[1122358, 1082185, 1106523, 1029743, 979707]"
1668,"[1106523, 871756, 961979, 1082185, 872137]"
1669,"[1082185, 6534178, 1029743, 995242, 1106523]"
1672,"[989069, 852856, 1044078, 1029743, 1082185]"
1673,"[1082185, 883932, 1029743, 1106523, 948650]"
1676,"[1026258, 1011926, 1046816, 824305, 8090532]"
1677,"[828106, 6534035, 5568489, 8090509, 1115576]"
1680,"[1126899, 1082185, 1029743, 1106523, 979707]"
1683,"[5574377, 1062128, 1092303, 837304, 872137]"
1684,"[825365, 1106523, 1082185, 1029743, 1044078]"
1685,"[1082185, 976199, 1029743, 1106523, 866211]"
1686,"[1106523, 986912, 1043751, 1082185, 1044078]"
1687,"[858439, 890909, 1101706, 1070702, 12301109]"
1688,"[1082185, 6534178, 1029743, 995242, 1106523]"
1689,"[1133254, 1000753, 965766, 1082185, 1029743]"
1690,"[1082185, 1106523, 999779, 1103691, 1038663]"
1692,"[1106271, 1044188, 1001702, 1029743, 844179]"
1693,"[1082185, 866755, 953561, 6391381, 5590613]"
1694,"[1044078, 1103105, 819255, 854900, 989069]"
1695,"[1082185, 1029743, 1070820, 916122, 1106523]"
1696,"[1082185, 6534178, 1029743, 995242, 1106523]"
1697,"[1044078, 1029743, 1082185, 1106523, 1072523]"
1698,"[1094308, 1082185, 846823, 838186, 871756]"
1699,"[993638, 5569230, 1029743, 976199, 999104]"
1700,"[8090509, 871756, 956486, 1025611, 839419]"
1701,"[1082185, 6534178, 1029743, 995242, 1106523]"
1703,"[5590695, 1067695, 5590613, 829291, 871756]"
1704,"[1126899, 906838, 1029743, 916122, 986912]"
1705,"[1029743, 1082185, 1105917, 1004906, 1022254]"
1706,"[1029743, 1106523, 1082185, 1126899, 979707]"
1707,"[1050851, 1082185, 1029743, 1106523, 885697]"
1708,"[12648296, 1136524, 874972, 6534480, 919534]"
1709,"[1082185, 6534178, 1029743, 995242, 1106523]"
1710,"[1082185, 965842, 880427, 1023196, 819978]"
1712,"[1082185, 848029, 1029743, 1106523, 1041796]"
1713,"[919423, 851188, 5563693, 8090440, 1082185]"
1715,"[951412, 859427, 1123842, 1126899, 1082185]"
1716,"[12302069, 1029743, 1004906, 1082185, 1122358]"
1717,"[828106, 858439, 1055425, 848319, 1022254]"
1718,"[979707, 1082185, 1106523, 1029743, 1126899]"
1719,"[845622, 896613, 1106523, 5569327, 8090521]"
1720,"[1018740, 878715, 1002771, 865705, 9296919]"
1721,"[1082185, 6534178, 1029743, 995242, 1106523]"
1722,"[951412, 829852, 995965, 835098, 1006342]"
1723,"[1018740, 1082185, 922561, 871611, 1092303]"
1724,"[1126899, 1082185, 1106523, 1029743, 976199]"
1726,"[1082185, 1135044, 991223, 6391381, 979707]"
1728,"[823775, 926905, 5591170, 1029743, 1098844]"
1729,"[1106523, 1029743, 823704, 1126899, 1082185]"
1730,"[1106523, 1104349, 1029743, 1082185, 916122]"
1731,"[1082185, 947798, 885863, 909268, 1087102]"
1732,"[1082185, 1055504, 944836, 1029743, 885863]"
1733,"[1082185, 885290, 850102, 894439, 874972]"
1734,"[1082185, 6534178, 1029743, 995242, 1106523]"
1735,"[890909, 919681, 972931, 1123842, 850102]"
1737,"[1082185, 901062, 916122, 1029743, 979707]"
1738,"[957063, 1040807, 5568729, 1126899, 1082185]"
1739,"[1106523, 1051323, 902172, 999270, 965766]"
1740,"[1082185, 1128016, 854754, 1002771, 1112238]"
1742,"[846823, 1072523, 1082185, 1019637, 1029743]"
1743,"[1126899, 5569845, 880150, 1029743, 1106523]"
1745,"[1106271, 1082185, 1029743, 854852, 872137]"
1747,"[871061, 839419, 1106523, 1070845, 825365]"
1748,"[1028995, 910032, 5590613, 5981267, 983584]"
1749,"[878715, 1131488, 8090541, 934399, 963971]"
1750,"[1082185, 6534178, 1029743, 995242, 1106523]"
1751,"[1051323, 946839, 1082990, 1082185, 1018007]"
1752,"[828106, 910673, 12302069, 1027168, 906838]"
1753,"[1067695, 986912, 8090537, 971922, 1082185]"
1754,"[835300, 1068292, 992529, 1027168, 849202]"
1755,"[1137346, 829291, 925862, 8090440, 916122]"
1756,"[1082185, 6534178, 1029743, 995242, 1106523]"
1758,"[1115553, 7441210, 1055504, 1082185, 1132771]"
1759,"[1044078, 1076056, 5590613, 940947, 880150]"
1760,"[1038985, 906838, 983584, 1029743, 1004906]"
1761,"[993638, 854852, 1029743, 1082185, 1106523]"
1762,"[1082185, 5568197, 1075214, 957951, 963971]"
1763,"[999250, 1037840, 948650, 5569327, 871611]"
1764,"[1082185, 1105488, 930118, 998119, 8090541]"
1765,"[894439, 985999, 1082185, 854852, 1070820]"
1766,"[819978, 871756, 937292, 1072523, 1040807]"
1767,"[8177622, 1081177, 1103105, 1082185, 1029743]"
1768,"[12946027, 5569374, 999858, 880150, 899624]"
1769,"[1082185, 6534077, 970747, 886395, 1029743]"
1770,"[1082185, 882247, 1029743, 835098, 880150]"
1773,"[1056509, 5569471, 5569230, 1022254, 916122]"
1774,"[957736, 1070845, 1029743, 883932, 874972]"
1775,"[1082185, 991223, 1071342, 940947, 1037332]"
1776,"[972931, 1082185, 1029743, 1051211, 870547]"
1778,"[1082185, 949965, 823704, 1087102, 914318]"
1779,"[1082185, 919534, 1070820, 872137, 844179]"
1780,"[1082185, 6534178, 1029743, 995242, 1106523]"
1781,"[1082185, 1029743, 1106523, 1126899, 847207]"
1783,"[1082185, 5585510, 1098844, 1029743, 9835509]"
1784,"[1082185, 979707, 5569230, 1106271, 1029743]"
1785,"[9677236, 1055504, 1137284, 919534, 933835]"
1787,"[1082185, 6534178, 1029743, 995242, 1106523]"
1788,"[888543, 934399, 6391381, 951412, 970160]"
1789,"[986912, 1106523, 1126899, 1029743, 5569230]"
1790,"[945662, 1082185, 834117, 1004906, 1029743]"
1791,"[910673, 916122, 1076056, 8090440, 1041796]"
1792,"[882604, 5582712, 8090519, 957736, 839656]"
1793,"[1082185, 6534178, 1029743, 995242, 1106523]"
1794,"[9296919, 1102416, 861279, 1106523, 823721]"
1795,"[1008032, 919423, 914318, 1082185, 911311]"
1796,"[9677236, 1037840, 1029743, 965766, 1082185]"
1797,"[1082185, 862799, 1031087, 960732, 856942]"
1798,"[1082185, 6534178, 1029743, 995242, 1106523]"
1800,"[5568729, 1082185, 1102067, 1106523, 1029743]"
1801,"[1106523, 910473, 1126899, 1029743, 1082185]"
1802,"[1082185, 1113274, 885290, 1115576, 848319]"
1803,"[6979579, 1082185, 862799, 9881593, 939860]"
1804,"[1082185, 862799, 1113274, 1013167, 1029743]"
1805,"[1029743, 1106523, 854852, 1126899, 944486]"
1806,"[6602697, 893018, 1029743, 1126899, 5568378]"
1807,"[882247, 12301109, 857503, 1098248, 885863]"
1808,"[1018007, 1037840, 976199, 899624, 1029743]"
1809,"[1119761, 8090536, 12301839, 1022254, 8090537]"
1810,"[1098284, 989069, 1027168, 1037840, 1029743]"
1811,"[999779, 1135258, 1106523, 1082185, 979707]"
1812,"[1127758, 1068292, 1076056, 979707, 1082185]"
1814,"[1082185, 1029743, 1070820, 979707, 986912]"
1815,"[871756, 1022254, 839243, 1029743, 1098248]"
1816,"[1051468, 1082185, 894439, 1105488, 1022254]"
1817,"[1082185, 925862, 1051211, 1004390, 960732]"
1818,"[910473, 1126899, 1106523, 1044078, 1082185]"
1821,"[899624, 1043920, 1056509, 844179, 861279]"
1822,"[1082185, 6534178, 1029743, 995242, 1106523]"
1823,"[1082185, 1060408, 8014645, 1092303, 885023]"
1824,"[825994, 1043787, 5563693, 1106523, 854852]"
1826,"[9884698, 12302069, 1072523, 1029743, 1044078]"
1829,"[1082185, 1034176, 1135044, 1055504, 1029743]"
1831,"[1008547, 1027168, 1082185, 1051323, 892314]"
1832,"[848029, 944534, 8065410, 1082185, 1029743]"
1833,"[1000753, 838186, 1082185, 1029743, 1126899]"
1835,"[8014645, 945662, 1082185, 1121393, 1092303]"
1836,"[1082185, 6534178, 1029743, 995242, 1106523]"
1837,"[1046756, 957736, 12810393, 965842, 1082185]"
1838,"[1082185, 6534178, 1029743, 995242, 1106523]"
1839,"[1106523, 913210, 1029743, 1013928, 1082185]"
1841,"[1082185, 1062002, 872137, 1105488, 999858]"
1843,"[5570383, 5569845, 1070820, 909714, 5568378]"
1844,"[1082185, 6534178, 1029743, 995242, 1106523]"
1845,"[1082185, 1092588, 1110244, 865705, 869857]"
1846,"[965766, 1029743, 1082185, 1106523, 8090537]"
1847,"[908283, 12731432, 1051211, 1070820, 5569230]"
1848,"[1082185, 892573, 894439, 986912, 1135834]"
1849,"[940947, 999779, 1070820, 1029743, 1082185]"
1850,"[1082185, 1105488, 944836, 965842, 1127831]"
1853,"[1082185, 6534178, 1029743, 995242, 1106523]"
1854,"[1082185, 919423, 1055504, 1062002, 957736]"
1856,"[1082185, 851819, 1119761, 1076056, 986912]"
1857,"[1029743, 1106523, 1082185, 916122, 1044078]"
1858,"[837270, 1082185, 1000237, 9835509, 1062002]"
1861,"[1029743, 965766, 1082185, 1106523, 844179]"
1862,"[1082185, 1106523, 1029743, 1126899, 979707]"
1864,"[1082185, 951412, 854754, 860167, 1051516]"
1865,"[976214, 833724, 1055504, 903800, 1136719]"
1867,"[897954, 916122, 1029743, 1082185, 979707]"
1868,"[1082185, 6534178, 1029743, 995242, 1106523]"
1869,"[1050851, 940947, 995965, 5568729, 1082185]"
1871,"[1055425, 854852, 1082185, 1029743, 1126899]"
1872,"[846417, 1082185, 1029743, 994223, 6533608]"
1873,"[1082185, 865528, 1131438, 916122, 976199]"
1876,"[1082185, 6534178, 1029743, 995242, 1106523]"
1877,"[964133, 1044078, 1122358, 8090440, 1029743]"
1879,"[1082185, 895930, 922561, 885290, 1101010]"
1880,"[1029743, 1126899, 1106523, 1082185, 1044078]"
1881,"[859154, 959316, 969568, 901062, 913210]"
1882,"[1082185, 6534178, 1029743, 995242, 1106523]"
1883,"[5569845, 919534, 5569327, 8090521, 896862]"
1884,"[1082185, 6534178, 1029743, 995242, 1106523]"
1885,"[9835509, 909714, 1029743, 1082185, 1126899]"
1886,"[1082185, 6534178, 1029743, 995242, 1106523]"
1887,"[1098844, 1126899, 1082185, 6034857, 1070820]"
1889,"[1082185, 6534178, 1029743, 995242, 1106523]"
1890,"[1082185, 1071342, 859427, 916122, 1126899]"
1891,"[944836, 1082185, 983584, 1029743, 1126899]"
1892,"[1093413, 1021116, 1138443, 5569327, 851819]"
1895,"[1044078, 1106523, 1082185, 1029743, 1072523]"
1896,"[1082185, 827656, 971922, 1029743, 1075368]"
1898,"[1082185, 6534178, 1029743, 995242, 1106523]"
1899,"[1082185, 1029743, 882604, 863885, 879504]"
1900,"[872137, 1018740, 854852, 7168026, 1037332]"
1901,"[1082185, 1044078, 866755, 1013928, 861279]"
1903,"[1082185, 6534178, 1029743, 995242, 1106523]"
1904,"[1126899, 1106523, 910473, 1029743, 912704]"
1906,"[12301109, 1046756, 12301839, 825343, 899624]"
1907,"[1115576, 1046756, 976199, 930666, 848319]"
1909,"[1029743, 1082185, 1106523, 979707, 1126899]"
1911,"[1044078, 844179, 1106523, 1082185, 916122]"
1912,"[12384775, 12302069, 1029743, 1082185, 1106523]"
1914,"[1043787, 862010, 892573, 894439, 1082185]"
1916,"[885290, 1105917, 944534, 1127831, 1082185]"
1917,"[883068, 1037337, 1082185, 896085, 1087102]"
1918,"[6463717, 6463710, 1082185, 8090440, 901062]"
1919,"[1106523, 892531, 896613, 1050851, 1026118]"
1920,"[833724, 1082185, 829323, 1019643, 1022254]"
1922,"[1082185, 1002771, 1070845, 1138443, 1112238]"
1923,"[1082185, 839243, 901062, 1128016, 835098]"
1924,"[965772, 1067695, 1106523, 907631, 880427]"
1925,"[1000753, 837270, 1082185, 1024306, 1029743]"
1926,"[12262830, 848029, 1082185, 1029743, 1041796]"
1927,"[1082185, 5981074, 1127758, 972143, 9527159]"
1928,"[1070820, 983584, 1082185, 1029743, 1126899]"
1929,"[1082185, 12384775, 1067749, 1106523, 899624]"
1930,"[902172, 1051323, 1082185, 1106523, 1029743]"
1931,"[1106523, 1082185, 843464, 823704, 896862]"
1932,"[1082185, 6534178, 1029743, 995242, 1106523]"
1935,"[862335, 1082185, 1048257, 1115175, 1071342]"
1936,"[1042942, 8177622, 971922, 1004906, 844179]"
1937,"[919423, 970747, 1082185, 951412, 857006]"
1939,"[897954, 1090931, 9836106, 1027168, 926905]"
1940,"[1082185, 1026118, 1029743, 1106523, 1126899]"
1941,"[947798, 907631, 1044078, 1029743, 1082185]"
1942,"[896613, 5585510, 839656, 1106523, 5569230]"
1943,"[1024051, 1122358, 897954, 912280, 872137]"
1944,"[1082185, 1121384, 994223, 1023720, 1006342]"
1945,"[1106523, 1029743, 1082185, 1044078, 979707]"
1946,"[920109, 12946027, 10344585, 1082185, 1070820]"
1947,"[1082185, 919423, 6463742, 845307, 995478]"
1948,"[1128016, 1062002, 848319, 854852, 1026118]"
1949,"[1092303, 1127831, 1022254, 5585510, 874972]"
1950,"[871756, 921504, 1087102, 1029743, 1081177]"
1951,"[1127831, 1082185, 1029743, 979707, 1021116]"
1952,"[969568, 1021116, 1098248, 944534, 896613]"
1953,"[827919, 1050851, 993638, 12810393, 880150]"
1954,"[1082185, 1084036, 934639, 961979, 1029743]"
1955,"[1042942, 1082185, 837751, 832678, 1063739]"
1956,"[5569374, 1070820, 933835, 1126899, 5568378]"
1957,"[8177622, 919534, 829291, 1082185, 1055425]"
1958,"[1029743, 1106523, 1082185, 1126899, 979707]"
1959,"[1082185, 6534178, 1029743, 995242, 1106523]"
1960,"[871061, 825343, 844179, 899624, 831628]"
1961,"[892314, 982790, 861279, 1074754, 5587656]"
1962,"[1082185, 6391381, 940947, 1056509, 1121059]"
1963,"[1099089, 999779, 979707, 5569471, 1082185]"
1964,"[887503, 1002771, 969568, 979707, 1022254]"
1965,"[893018, 874972, 1082185, 1106523, 1029743]"
1966,"[833724, 944836, 859427, 1098248, 1082185]"
1967,"[1008547, 944137, 1029743, 1082185, 1106523]"
1968,"[1082185, 1106523, 1029743, 1041796, 1026118]"
1969,"[1082185, 6534035, 12648296, 998444, 1106523]"
1970,"[1029743, 1106523, 1126899, 1082185, 1082212]"
1971,"[1082185, 1029743, 1106523, 1110244, 1002850]"
1975,"[1092588, 1110244, 1003487, 5574377, 6534077]"
1976,"[1082990, 999779, 1101010, 1106523, 871611]"
1978,"[1082185, 6534178, 1029743, 995242, 1106523]"
1979,"[1082185, 1029743, 1106523, 1004906, 979707]"
1981,"[1082212, 1106523, 1126899, 1122358, 1082185]"
1982,"[1082185, 854405, 859427, 995478, 970202]"
1983,"[865705, 998444, 1024306, 1098248, 908318]"
1985,"[1082185, 1130375, 1098844, 827656, 1004906]"
1987,"[1082185, 916122, 6533608, 944836, 1029743]"
1988,"[850102, 1051323, 1106523, 1038663, 871756]"
1989,"[9676866, 1082185, 833724, 999858, 835098]"
1990,"[865705, 1024306, 856942, 1067749, 1082185]"
1991,"[1082185, 6534178, 1029743, 995242, 1106523]"
1992,"[1082185, 6534178, 1029743, 995242, 1106523]"
1993,"[1043787, 862010, 1016800, 1082185, 1029743]"
1994,"[1126899, 1106523, 1029743, 910473, 1082185]"
1995,"[1046816, 1137507, 1082185, 862010, 1106523]"
1996,"[944836, 6034577, 926905, 854852, 1082185]"
1997,"[10344585, 1051468, 834158, 1126899, 1022254]"
1998,"[1106523, 1082185, 1029743, 1004906, 1022254]"
1999,"[1106523, 1029743, 880150, 1126899, 944534]"
2000,"[1106523, 1029743, 1126899, 1082185, 979707]"
2001,"[1029743, 1106523, 986912, 866211, 1082185]"
2003,"[8014645, 1082185, 10344585, 882247, 1055504]"
2004,"[934399, 882604, 8177622, 819978, 846823]"
2005,"[946839, 819978, 1082185, 1029743, 871756]"
2006,"[1027168, 1082185, 1117514, 5574377, 916993]"
2007,"[1082185, 1083446, 1067606, 1029743, 1026984]"
2008,"[865511, 5570383, 885290, 1102067, 1126899]"
2010,"[965766, 1029743, 1041796, 1082185, 1106523]"
2011,"[1006184, 1082185, 986912, 1029743, 1106523]"
2012,"[1082185, 1106523, 916122, 5587656, 863447]"
2014,"[861279, 979707, 1082185, 12946027, 5569230]"
2015,"[1044188, 830503, 1115576, 878285, 883932]"
2016,"[1082185, 6534178, 1029743, 995242, 1106523]"
2017,"[1082185, 961979, 1070820, 920109, 12301839]"
2018,"[1082185, 993379, 1029743, 1106523, 866871]"
2019,"[1082185, 1030093, 871611, 1024051, 999779]"
2020,"[998119, 866755, 930118, 948832, 953561]"
2021,"[883932, 1004906, 1044078, 896862, 1082185]"
2022,"[1082185, 994223, 839656, 1105488, 1098844]"
2023,"[912704, 852856, 1082185, 1029743, 839243]"
2025,"[976199, 5569230, 1029743, 1082185, 986912]"
2026,"[1082185, 6534178, 1029743, 995242, 1106523]"
2027,"[871756, 870547, 883932, 1082185, 1044078]"
2028,"[839419, 944139, 8090509, 5569230, 5568378]"
2029,"[952698, 1029743, 1082185, 1044078, 1106523]"
2030,"[1043751, 944836, 971922, 1087102, 1040807]"
2031,"[1082185, 6534178, 1029743, 995242, 1106523]"
2032,"[1082185, 6534178, 1029743, 995242, 1106523]"
2033,"[1002771, 892573, 1127758, 1042907, 1082185]"
2034,"[951412, 934639, 1130858, 1098248, 998119]"
2036,"[1138487, 1082185, 1022254, 1037332, 12731436]"
2037,"[1018007, 1070820, 1042438, 896613, 990797]"
2038,"[971922, 933835, 1138443, 1132771, 883003]"
2039,"[1082185, 6534178, 1029743, 995242, 1106523]"
2040,"[1029743, 1082185, 1106523, 979707, 965766]"
2041,"[917033, 1050741, 1034176, 12262978, 1018007]"
2042,"[1082185, 6534178, 1029743, 995242, 1106523]"
2043,"[992529, 998119, 8291322, 885863, 1050851]"
2046,"[1082185, 6534178, 1029743, 995242, 1106523]"
2047,"[1027168, 874972, 1082185, 825343, 985999]"
2048,"[1106523, 1029743, 1082185, 1044078, 965766]"
2049,"[1106523, 1029743, 1082185, 979707, 1044078]"
2050,"[1022254, 895166, 899624, 857503, 1029743]"
2055,"[1011926, 1080853, 1105917, 957951, 835098]"
2056,"[12810393, 8090521, 897954, 1106523, 990797]"
2057,"[933835, 1106523, 1082185, 986912, 1029743]"
2058,"[1092303, 1048257, 859427, 1006342, 1082990]"
2059,"[1082185, 6534178, 1029743, 995242, 1106523]"
2060,"[986912, 844179, 5569230, 1029743, 1082185]"
2062,"[1014948, 1022254, 1126899, 1082185, 1070820]"
2063,"[1082185, 841220, 878996, 839419, 871611]"
2064,"[1082185, 887102, 854754, 1006483, 871061]"
2065,"[1029743, 12301839, 947798, 1138443, 965766]"
2068,"[1127758, 1082185, 968072, 1071342, 1008547]"
2070,"[1082185, 12301839, 899624, 838186, 827656]"
2071,"[925862, 8090537, 933835, 899624, 825343]"
2072,"[1082185, 6534178, 1029743, 995242, 1106523]"
2075,"[1123842, 983584, 1029743, 899624, 1082185]"
2076,"[1082185, 829323, 9296919, 865528, 1046957]"
2077,"[937292, 848319, 1106523, 896613, 871611]"
2079,"[934639, 1119761, 871611, 1008547, 963727]"
2080,"[952972, 1079987, 1082185, 845622, 874972]"
2081,"[1082185, 6534178, 1029743, 995242, 1106523]"
2082,"[1082185, 970747, 986912, 1029743, 832678]"
2083,"[1037863, 907099, 940947, 865528, 991223]"
2084,"[1098248, 1082185, 6034857, 916993, 1029743]"
2085,"[1117514, 850102, 1130858, 1082990, 1122568]"
2086,"[1082185, 948953, 1029743, 866211, 880150]"
2087,"[1082185, 5570383, 12731432, 839419, 829852]"
2088,"[1082185, 9527159, 917816, 839419, 1029743]"
2089,"[1126899, 1082185, 1029743, 1041796, 1070820]"
2090,"[1106523, 1029743, 1082185, 1044078, 5569230]"
2091,"[1082185, 6534178, 1029743, 995242, 1106523]"
2094,"[5569374, 1070820, 1082185, 1029743, 1098844]"
2095,"[986912, 933067, 883003, 1029743, 1082185]"
2099,"[1082185, 6534178, 1029743, 995242, 1106523]"
2100,"[1082185, 895166, 1074754, 1106523, 5585510]"
2101,"[1137346, 819978, 999104, 1101010, 983584]"
2102,"[12262778, 1045586, 1123022, 882604, 940947]"
2103,"[1082185, 6534178, 1029743, 995242, 1106523]"
2105,"[1082185, 6534178, 1029743, 995242, 1106523]"
2108,"[1041796, 1082185, 1106523, 1029743, 871061]"
2109,"[1137284, 1008547, 937292, 925862, 999270]"
2110,"[1082185, 1043787, 901062, 854754, 871611]"
2111,"[1106523, 1082185, 979707, 1029743, 965766]"
2112,"[1082185, 828106, 1082212, 848029, 1098248]"
2114,"[885290, 907099, 1000237, 1002771, 1105488]"
2115,"[834158, 1070820, 887102, 930344, 12301073]"
2116,"[823775, 1082185, 848319, 934399, 1008547]"
2119,"[1082185, 960613, 1029743, 1056509, 870547]"
2120,"[1082185, 1029743, 1026118, 6533608, 1106523]"
2121,"[1098248, 1082185, 848319, 1029743, 916122]"
2122,"[926905, 857006, 1082185, 835098, 1106523]"
2123,"[957232, 1018007, 824180, 904129, 1056509]"
2124,"[1082185, 994223, 880427, 1062002, 901776]"
2125,"[1082185, 925862, 933067, 827656, 1029743]"
2126,"[1082185, 833724, 1076056, 909714, 854852]"
2129,"[1082185, 1081177, 1024051, 839419, 12301109]"
2130,"[1008547, 998119, 938300, 1101706, 834826]"
2131,"[957736, 878285, 1022254, 838186, 986912]"
2132,"[1082185, 6548453, 1022254, 901062, 866211]"
2133,"[1082185, 1115576, 1137775, 1043751, 1019247]"
2134,"[1082185, 1029743, 1019643, 1038985, 989824]"
2135,"[1082185, 6534178, 1029743, 995242, 1106523]"
2136,"[964521, 938300, 6602729, 995478, 1082185]"
2137,"[999250, 7442008, 968072, 1044078, 844179]"
2138,"[829291, 972665, 933067, 1042544, 1122358]"
2139,"[957232, 1115175, 901776, 1100972, 1082185]"
2141,"[1110244, 883068, 932863, 1082185, 999714]"
2142,"[867547, 1133254, 9297474, 914318, 6513604]"
2145,"[1082185, 6534178, 1029743, 995242, 1106523]"
2146,"[849870, 944836, 857503, 1082185, 1126899]"
2147,"[1082185, 998444, 848319, 891961, 1123842]"
2148,"[1082185, 895930, 949965, 948670, 883003]"
2149,"[1092303, 925862, 1082185, 849202, 1106523]"
2151,"[1082185, 6534178, 1029743, 995242, 1106523]"
2153,"[5591170, 1038985, 1029743, 1115576, 910032]"
2154,"[1082185, 1055504, 925862, 1098248, 1045586]"
2155,"[1082185, 6534178, 1029743, 995242, 1106523]"
2156,"[1055504, 850102, 825994, 913210, 838186]"
2158,"[998119, 1006184, 999270, 1082185, 1029743]"
2159,"[979707, 1082185, 6034857, 1029743, 1106523]"
2160,"[976199, 1106523, 1082185, 1029743, 907631]"
2161,"[976214, 865156, 944836, 969568, 958208]"
2162,"[6395907, 896085, 1082185, 1127716, 948953]"
2163,"[1082185, 6534178, 1029743, 995242, 1106523]"
2167,"[1082185, 6534178, 1029743, 995242, 1106523]"
2168,"[895166, 1128240, 1082185, 989824, 828106]"
2169,"[1082185, 6534178, 1029743, 995242, 1106523]"
2170,"[1013928, 1106523, 1029743, 1082185, 1044078]"
2171,"[907099, 823704, 1082185, 1105917, 986912]"
2172,"[1115576, 839419, 906844, 909268, 850102]"
2173,"[1087102, 865456, 1105488, 1062002, 1132771]"
2174,"[1082185, 1126899, 1029743, 1041796, 880150]"
2175,"[1082185, 6534178, 1029743, 995242, 1106523]"
2176,"[1082185, 6534178, 1029743, 995242, 1106523]"
2179,"[872137, 1082185, 1029743, 1126899, 933067]"
2181,"[1082185, 1051468, 1110111, 1009187, 866211]"
2182,"[1082185, 1029743, 1106523, 1041796, 965766]"
2183,"[1082185, 1098248, 12731432, 1051323, 909268]"
2184,"[1115175, 1075214, 1074333, 1050534, 9836106]"
2185,"[957063, 820301, 1100972, 1105488, 823704]"
2186,"[1082185, 870547, 1004906, 1137346, 871756]"
2188,"[819978, 1082185, 866211, 8090440, 913210]"
2189,"[1042942, 913210, 834117, 1029743, 1082185]"
2190,"[1082185, 1029743, 995628, 1096635, 866355]"
2193,"[1005274, 1082185, 1031087, 1055504, 1006878]"
2194,"[1082185, 845307, 880427, 850102, 898068]"
2195,"[1126899, 995965, 1055504, 1000237, 1138443]"
2196,"[1082185, 1029743, 880150, 1106523, 12731432]"
2197,"[865456, 1082185, 1106523, 1029743, 5568378]"
2198,"[921504, 1022254, 892573, 849202, 1082185]"
2199,"[1082185, 1070820, 916993, 1123022, 859427]"
2200,"[1082185, 9296919, 972931, 1013928, 12301839]"
2202,"[1082185, 6534178, 1029743, 995242, 1106523]"
2203,"[951412, 1029743, 979707, 844179, 1082185]"
2204,"[871756, 1051211, 835530, 1026118, 1044078]"
2205,"[1082185, 6534178, 1029743, 995242, 1106523]"
2206,"[1102067, 1029743, 1126899, 1082185, 1070820]"
2207,"[911311, 859427, 6602697, 968072, 910673]"
2208,"[1106271, 8090532, 940947, 1128016, 1132771]"
2209,"[1082185, 885290, 1029743, 9676866, 965267]"
2211,"[892314, 1126045, 5569845, 5569471, 908318]"
2212,"[1082185, 6534178, 1029743, 995242, 1106523]"
2213,"[1029743, 1082185, 1126899, 1106523, 1004906]"
2214,"[963971, 1082185, 1029743, 1126899, 1041796]"
2215,"[948650, 1082185, 1112205, 1037840, 1075368]"
2217,"[1055504, 995478, 6633210, 844179, 1019643]"
2221,"[1082185, 901062, 1098248, 1070820, 979707]"
2222,"[1054262, 1008032, 861279, 1043751, 5569230]"
2223,"[1013928, 910673, 1106523, 1029743, 1082185]"
2224,"[1031087, 1038985, 1082185, 1131488, 912704]"
2225,"[1041796, 1004906, 12301100, 829852, 1082185]"
2226,"[848319, 1082185, 1029743, 916993, 1106523]"
2228,"[1082185, 6534178, 1029743, 995242, 1106523]"
2229,"[1082185, 5574377, 880427, 859427, 916122]"
2231,"[1024306, 944836, 1127831, 1082185, 854405]"
2233,"[10344585, 882604, 8290421, 951412, 1082185]"
2234,"[854754, 1042907, 1092303, 1082185, 1123842]"
2235,"[937292, 1082185, 1126899, 1029743, 986912]"
2237,"[1082185, 6533936, 844179, 952698, 823990]"
2238,"[833724, 5590613, 834117, 1022254, 899624]"
2239,"[1082185, 6534178, 1029743, 995242, 1106523]"
2240,"[949294, 1044188, 826666, 1131438, 1029743]"
2241,"[993638, 1029743, 1082185, 1106523, 986912]"
2243,"[917384, 7025202, 910673, 823990, 1074333]"
2244,"[1082185, 5569327, 1044078, 897954, 1029743]"
2245,"[1082185, 871756, 979707, 1004906, 832678]"
2247,"[1065538, 1082185, 1106523, 1087102, 832678]"
2248,"[965766, 1029743, 1082185, 1106523, 1044078]"
2250,"[12731432, 957063, 919534, 1029743, 1082185]"
2252,"[1082185, 963971, 914318, 957063, 871756]"
2253,"[1082185, 6534178, 1029743, 995242, 1106523]"
2256,"[866871, 6534030, 1070820, 1051211, 976199]"
2257,"[1104349, 1106523, 1082185, 1029743, 899624]"
2258,"[1082185, 6534178, 1029743, 995242, 1106523]"
2259,"[1082185, 6534178, 1029743, 995242, 1106523]"
2260,"[1137346, 1069003, 1029743, 854852, 1082185]"
2261,"[5592610, 6039859, 1082185, 6979579, 1106523]"
2262,"[1082185, 5981267, 937292, 1128016, 1019247]"
2263,"[1082185, 1121360, 901062, 986912, 1004906]"
2264,"[5981074, 9677366, 5592610, 5981267, 1106271]"
2266,"[998444, 923789, 848319, 824305, 1026118]"
2267,"[951412, 913210, 1126899, 1082185, 1106523]"
2269,"[869857, 1082185, 1008547, 823704, 839243]"
2270,"[993638, 1135258, 1138443, 825343, 848029]"
2271,"[1082185, 6534178, 1029743, 995242, 1106523]"
2272,"[828106, 827656, 940947, 908318, 1082185]"
2273,"[880427, 1102067, 1085983, 1041796, 5568378]"
2274,"[857006, 1082185, 871756, 1070702, 12301073]"
2275,"[844179, 1082185, 1029743, 916122, 944486]"
2276,"[1106523, 1029743, 1082185, 1041796, 854852]"
2277,"[1029743, 826666, 1082185, 1004906, 1044078]"
2278,"[951412, 863447, 1029743, 916122, 1082185]"
2279,"[933067, 8090536, 8090537, 1082185, 872137]"
2280,"[1082185, 920109, 1082990, 940947, 960732]"
2281,"[1082185, 1046756, 1126899, 938300, 1013167]"
2282,"[833724, 1082185, 1041796, 1022254, 1106523]"
2283,"[1106523, 999250, 844179, 8090537, 899624]"
2284,"[1048257, 1082185, 1112205, 1051468, 935393]"
2285,"[5563693, 857503, 1082185, 1029743, 1106523]"
2287,"[1082185, 849870, 1029743, 8090440, 854852]"
2288,"[1126899, 1082185, 1029743, 1106523, 6034857]"
2289,"[10344585, 8090440, 913210, 976199, 1029743]"
2290,"[827656, 1029743, 1082185, 1100972, 854852]"
2291,"[1029743, 1082185, 1106523, 979707, 1004906]"
2292,"[1056509, 865456, 1029743, 1082185, 1106523]"
2293,"[1082185, 6534178, 1029743, 995242, 1106523]"
2294,"[5590613, 1082185, 5587656, 852856, 1029743]"
2295,"[1106523, 5590613, 854405, 1044078, 899624]"
2296,"[937292, 1067606, 1029743, 12810391, 913210]"
2297,"[1127758, 1082185, 1029743, 979707, 1106523]"
2298,"[856252, 871756, 999714, 12301100, 863447]"
2299,"[892531, 1082185, 6602697, 878996, 916122]"
2300,"[8273833, 10344585, 999104, 8273950, 1082185]"
2301,"[871756, 1021324, 835098, 865456, 899624]"
2302,"[1004906, 1006184, 1029743, 1082185, 913210]"
2303,"[1002771, 1127831, 841220, 6034857, 881249]"
2305,"[12301073, 1056509, 9835509, 1024032, 1082185]"
2307,"[1082185, 1070845, 827656, 1112238, 1138443]"
2308,"[1082185, 6534178, 1029743, 995242, 1106523]"
2310,"[917816, 896613, 933067, 5591170, 871611]"
2312,"[1082185, 1005274, 1121384, 945662, 970202]"
2314,"[1082185, 1048257, 1109014, 12262778, 951412]"
2315,"[1082185, 6534178, 1029743, 995242, 1106523]"
2317,"[1082185, 937292, 1038985, 1027168, 944836]"
2319,"[1037840, 1081177, 1041796, 1029743, 1082185]"
2322,"[9677366, 991223, 1082185, 903800, 865705]"
2323,"[1029743, 1106523, 1082185, 1044078, 1004906]"
2324,"[1094924, 1082185, 865156, 1029743, 999858]"
2325,"[1082185, 6534178, 1029743, 995242, 1106523]"
2328,"[1082185, 1009187, 6602440, 1082990, 1033403]"
2330,"[1082185, 885290, 979707, 8090536, 857503]"
2331,"[1082185, 856252, 1029743, 989069, 1044078]"
2333,"[1029743, 1106523, 1082185, 1004906, 844179]"
2334,"[1082185, 1103105, 1029743, 1090931, 1007512]"
2335,"[1021324, 1082185, 1016800, 1029743, 1106523]"
2336,"[1024051, 897954, 1122358, 5585510, 12810393]"
2337,"[1015539, 1117514, 1082185, 1097398, 1067695]"
2338,"[1082990, 1106523, 1029743, 1082185, 899624]"
2339,"[1082185, 6534178, 1029743, 995242, 1106523]"
2340,"[1082185, 6534178, 1029743, 995242, 1106523]"
2341,"[1098284, 1081177, 907625, 960613, 12301109]"
2342,"[979707, 1016800, 916122, 1074754, 832678]"
2343,"[12301073, 897954, 1029743, 883003, 6534480]"
2344,"[1000753, 848319, 1106523, 1082185, 1029743]"
2345,"[1004436, 1106523, 1082185, 8090521, 965766]"
2347,"[1082185, 1034176, 1022097, 1127831, 8090513]"
2349,"[844179, 916122, 1029743, 1082185, 1106523]"
2350,"[1082185, 6534178, 1029743, 995242, 1106523]"
2351,"[1112205, 862799, 937292, 951412, 820321]"
2352,"[1070820, 1029743, 1126899, 1137346, 1040807]"
2354,"[1002771, 998444, 1101706, 9835509, 1126899]"
2359,"[960732, 1076056, 1106523, 990797, 1082185]"
2360,"[1132771, 999858, 909714, 944534, 1029743]"
2361,"[865511, 957232, 1138487, 1046587, 12810393]"
2363,"[1082185, 6602697, 944137, 1070820, 1029743]"
2364,"[1082185, 1029743, 1106523, 1004906, 6034857]"
2366,"[7442008, 1037965, 1104414, 948670, 1006184]"
2368,"[1082185, 6534178, 1029743, 995242, 1106523]"
2369,"[998444, 1112238, 1121059, 8090440, 6034857]"
2370,"[1043751, 1098248, 946839, 897954, 825365]"
2372,"[1082185, 8090532, 908318, 5569471, 1037840]"
2373,"[1082185, 6534178, 1029743, 995242, 1106523]"
2374,"[1081177, 1022254, 1019643, 854852, 1004906]"
2375,"[957951, 882247, 5585510, 989069, 848029]"
2376,"[934399, 1082185, 1082212, 5569845, 12301839]"
2377,"[880150, 986912, 1082185, 866211, 863447]"
2378,"[1082185, 1104649, 998444, 1100972, 972931]"
2379,"[854405, 1101706, 1029743, 1082185, 834117]"
2380,"[1082185, 5585510, 1122358, 1029743, 865456]"
2381,"[1006184, 916122, 1131344, 1082185, 1029743]"
2385,"[1082185, 6534178, 1029743, 995242, 1106523]"
2386,"[1082185, 1029743, 1106523, 1026118, 1041796]"
2387,"[965842, 940947, 839243, 848029, 1029743]"
2388,"[960613, 1021116, 854900, 972665, 896862]"
2389,"[1055504, 937292, 1122358, 12301100, 893018]"
2392,"[1127758, 895166, 1009368, 823990, 12302069]"
2393,"[12810393, 1082185, 1055504, 863447, 12301109]"
2394,"[906838, 910473, 908318, 5569327, 5568729]"
2395,"[985893, 949294, 841220, 993638, 871611]"
2397,"[1082185, 6534178, 1029743, 995242, 1106523]"
2399,"[1082185, 6534178, 1029743, 995242, 1106523]"
2400,"[1082185, 957232, 957951, 969866, 1106523]"
2401,"[1082185, 1106523, 848029, 854852, 1026118]"
2404,"[1106523, 1029743, 1082185, 979707, 1044078]"
2405,"[936914, 964521, 1005274, 1082212, 6602697]"
2406,"[10344585, 1082185, 944137, 857503, 946839]"
2407,"[890909, 1056509, 934639, 937292, 919534]"
2408,"[1082185, 846823, 9527159, 999198, 892531]"
2410,"[947798, 1026118, 1106523, 1044078, 1082185]"
2412,"[969568, 1044078, 995628, 1092937, 1106523]"
2416,"[6633210, 1008547, 910473, 976199, 1098844]"
2418,"[1036347, 1029743, 925862, 866211, 1135258]"
2420,"[1012587, 1121059, 999779, 1106523, 944534]"
2421,"[1082185, 865156, 849870, 887102, 1105488]"
2424,"[913210, 916993, 870547, 848029, 1029743]"
2425,"[5568729, 1082185, 1041796, 1029743, 965766]"
2426,"[1033403, 1058404, 1029743, 899624, 1044078]"
2427,"[856252, 1082185, 862010, 892531, 6463775]"
2429,"[1082185, 6534178, 1029743, 995242, 1106523]"
2431,"[1022254, 1082185, 1029743, 979707, 1106523]"
2434,"[1082185, 6534178, 1029743, 995242, 1106523]"
2435,"[12695224, 963971, 1029743, 834117, 1076056]"
2437,"[1082185, 862010, 1021324, 1034176, 831063]"
2438,"[880427, 1101706, 892531, 866211, 854852]"
2439,"[1082185, 6534178, 1029743, 995242, 1106523]"
2440,"[874972, 1018007, 825365, 1076056, 870547]"
2441,"[1082185, 1029743, 979707, 1106523, 1126899]"
2442,"[1082185, 1126899, 866211, 1029743, 1106523]"
2445,"[883003, 933835, 844179, 1082185, 1029743]"
2446,"[1115175, 963971, 1137775, 990797, 1087102]"
2447,"[9677236, 963835, 1082185, 1006342, 5578547]"
2448,"[829852, 7168026, 12731714, 1042907, 835098]"
2449,"[1082185, 6514160, 885023, 1029743, 868548]"
2450,"[1121384, 1070820, 1022254, 878996, 831628]"
2451,"[1117514, 917033, 1082185, 1126899, 872137]"
2452,"[1127758, 1133254, 1082185, 910673, 1106523]"
2453,"[1106271, 6391381, 1022097, 852856, 1082185]"
2455,"[1102416, 5590613, 844179, 965766, 849202]"
2456,"[951412, 1082185, 1126899, 1075368, 908318]"
2457,"[1002771, 1082185, 1112238, 825994, 901062]"
2458,"[998119, 5569471, 965842, 1127831, 1126899]"
2459,"[852080, 1015539, 1051323, 5567702, 5591170]"
2460,"[861279, 879504, 907631, 5569230, 5568378]"
2461,"[866871, 909714, 1082185, 1029743, 1106523]"
2462,"[829852, 882247, 1070845, 1008547, 901062]"
2464,"[1082185, 1029743, 1126899, 844179, 1106523]"
2465,"[993379, 10344585, 986912, 1082185, 1070820]"
2466,"[1029743, 1082185, 1106523, 1093413, 936914]"
2467,"[969568, 1083446, 1082185, 1003649, 7168058]"
2470,"[1082185, 1029743, 1106523, 916122, 1044078]"
2471,"[5587656, 9835509, 1126899, 1106523, 1082185]"
2472,"[1126899, 5568729, 1029743, 1004906, 5568249]"
2475,"[1121384, 12301073, 1070845, 940947, 957736]"
2477,"[1082185, 6534178, 1029743, 995242, 1106523]"
2478,"[1082185, 823775, 867547, 959316, 979707]"
2479,"[1138467, 1135476, 861821, 8090539, 859427]"
2481,"[1029743, 1082185, 999250, 870547, 934399]"
2482,"[823721, 1004906, 1106523, 1041796, 1082185]"
2483,"[1002771, 6533936, 1082185, 1105488, 948650]"
2484,"[878715, 1056509, 1082185, 1127758, 972931]"
2485,"[12695224, 944249, 1112205, 1106523, 1082185]"
2486,"[12810393, 937292, 919534, 940947, 823721]"
2488,"[1094924, 1082185, 1008547, 919534, 865456]"
2489,"[1106523, 5569230, 1082185, 1029743, 1022254]"
2492,"[1087102, 866755, 883003, 986912, 5569230]"
2494,"[971922, 957736, 995965, 1082185, 1004906]"
2496,"[1082185, 8090537, 5569230, 7441210, 933835]"
2497,"[5590613, 1051323, 1024306, 1135834, 7139529]"
2498,"[839243, 1070820, 1106523, 1082185, 1029743]"
2499,"[1027168, 904129, 1115175, 846417, 999198]"
2500,"[1082185, 1065538, 912704, 1056509, 1019643]"
